,,,,,,,,,,,,,,,,,,,,,,,,,
amorphous,austere,abound,belie,capricious,congenial,conspicuous,,,,,,,,,,,,,,,,,,,
shapeless,sober,Proliferate,Contradict,fickle,pleasant,clear,,,,,,,,,,,,,,,,,,,
formless,frugal,superabound,conceal,mercurial,pleasurable,discernible,,,,,,,,,,,,,,,,,,,
unformed,spartan,thrive,Falsify,erratic,satisfying,flagrant,,,,,,,,,,,,,,,,,,,
structureless,ascetic,flourish,debunk,fitful,gratifying,ostentatious,,,,,,,,,,,,,,,,,,,
indefinite,puritanical,abundant,Confute,arbitrary,adapted,overt,,,,,,,,,,,,,,,,,,,
vague,abstemious,Copious,Colour,temperamental,,blatant,,,,,,,,,,,,,,,,,,,
Nebulous,,lavish,,whimsical,,inescapable,,,,,,,,,,,,,,,,,,,
,,Profuse,,wayward,,,,,,,,,,,,,,,,,,,,,
,,Munificent,,quirky,,,,,,,,,,,,,,,,,,,,,
,,prolific,,haphazard,,,,,,,,,,,,,,,,,,,,,
,,Inexhaustible,,,,,,,,,,,,,,,,,,,,,,,
,,galore,,,,,,,,,,,,,,,,,,,,,,,
,,,,,,,,,,,,,,,,,,,,,,,,,
cursory,daunting,deify,didactic,disseminate,Feasible,flout,,,,,,,,,,,,,,,,,,,
perfunctory,intimidating,revere,educative,disperse,practical,defy,,,,,,,,,,,,,,,,,,,
desultory,disconcerting,venerate,doctrinal,diffuse,achievable,scorn,,,,,,,,,,,,,,,,,,,
superficial,unnerving,reverence,academic,proclaim,viable,disdain,,,,,,,,,,,,,,,,,,,
mechanical,demoralizing,extol,scholastic,promulgate,realistic,contravene,,,,,,,,,,,,,,,,,,,
automatic,forbidding,exalt,edifying,dissipate,suitable,infringe,,,,,,,,,,,,,,,,,,,
fleeting,ominous,adore,heuristic,herald,expedient,breach,,,,,,,,,,,,,,,,,,,
slapdash,taxing,immortalize,pedantic,trumpet,constructive,infract,,,,,,,,,,,,,,,,,,,
,,lionize,,,earthly,,,,,,,,,,,,,,,,,,,,
,,aggrandize,,,,,,,,,,,,,,,,,,,,,,,
,,,,,,,,,,,,,,,,,,,,,,,,,
homogeneous,humdrum,insipid,loquacious,misanthropic,negligent,obsequious,,,,,,,,,,,,,,,,,,,
equivalent,mundane,Bland,garrulous,reclusive,lax,servile,,,,,,,,,,,,,,,,,,,
analogous,dreary,Weak,voluble,uncongenial,heedless,ingratiating,,,,,,,,,,,,,,,,,,,
parallel,tedious,Vapid,verbose,cynical,slack,unctuous,,,,,,,,,,,,,,,,,,,
kindred,monotonous,Common place,profuse,sceptical,slapdash,sycophantic,,,,,,,,,,,,,,,,,,,
correlative,banal,Proasic,prolix,jaundiced,slipshod,subservient,,,,,,,,,,,,,,,,,,,
congruent,prosaic,Trite,effusive,narrow+AC0-minded,barratrous,submissive,,,,,,,,,,,,,,,,,,,
cognate,quotidian,Banal,Gabby,,delinquent,abject,,,,,,,,,,,,,,,,,,,
,commonplace,hackneyed,,,inadvertent,bootlicking,,,,,,,,,,,,,,,,,,,
,workaday,,,,,,,,,,,,,,,,,,,,,,,,
,pedestrian,,,,,,,,,,,,,,,,,,,,,,,,
,vanilla,,,,,,,,,,,,,,,,,,,,,,,,
,,,,,,,,,,,,,,,,,,,,,,,,,
placate,proclivity,puerile,quixotic,spendthrift,taciturn,wary,,,,,,,,,,,,,,,,,,,
pacify,inclination,infantile,idealistic,profligate,reticent,circumspect,,,,,,,,,,,,,,,,,,,
appease,disposition,juvenile,romantic,prodigal,secretive,prudent,,,,,,,,,,,,,,,,,,,
mollify,propensity,fatuous,extravagant,squanderer,inarticulate,vigilant,,,,,,,,,,,,,,,,,,,
conciliate,bias,Foolish,visionary,Extravagant,aloof,sceptical,,,,,,,,,,,,,,,,,,,
propitiate,penchant,,utopian,,cold,dubious,,,,,,,,,,,,,,,,,,,
,predilection,,perfectionist,,,guarded,,,,,,,,,,,,,,,,,,,
,taste,,unrealistic,,,,,,,,,,,,,,,,,,,,,,
,,,impossible,,,,,,,,,,,,,,,,,,,,,,
,,,inefficacious,,,,,,,,,,,,,,,,,,,,,,
,,,,,,,,,,,,,,,,,,,,,,,,,
,,,,,,,,,,,,,,,,,,,,,,,,,
Group 2,,,,,,,,,,,,,,,,,,,,,,,,,
adulterate,advocate,alacrity,ambivalent,ameliorate,amenable,audacious,,,,,,,,,,,,,,,,,,,
degrade,champion,enthusiasm,equivocal,amend,compliant,intrepid,,,,,,,,,,,,,,,,,,,
debase,proponent,ardour,doubtful,refine,acquiescent,valiant,,,,,,,,,,,,,,,,,,,
contaminate,patron,fervour,irresolute,mitigate,biddable,plucky,,,,,,,,,,,,,,,,,,,
sully,missionary(vanilla position),liveliness,fluctuating,rectify,manageable,dynamic,,,,,,,,,,,,,,,,,,,
dilute,propagandist,zeal,confused,remedy,tractable,spirited,,,,,,,,,,,,,,,,,,,
weaken,apologist,haste,muddled,fix,pliant,mettlesome,,,,,,,,,,,,,,,,,,,
bastardize,,briskness,vague,square,malleable,spunky,,,,,,,,,,,,,,,,,,,
corrupt,,swiftness,hazy,tweak,complaisant,venturous,,,,,,,,,,,,,,,,,,,
vitiate,,,iffy,,docile,temerarious,,,,,,,,,,,,,,,,,,,
,,,,,tame,,,,,,,,,,,,,,,,,,,,
,,,,,meek,,,,,,,,,,,,,,,,,,,,
,,,,,,,,,,,,,,,,,,,,,,,,,
avaricious,banal,benign,brazen,calumny,candid,castigate,,,,,,,,,,,,,,,,,,,
acquisitive,trite,clement,presumptuous,slander,frank,reprimand,,,,,,,,,,,,,,,,,,,
covetous,hackneyed,salubrious,impudent,muckraking,outspoken,rebuke,,,,,,,,,,,,,,,,,,,
greedy,platitudinous,propitious,insolent,aspersions,unvarnished,admonish,,,,,,,,,,,,,,,,,,,
rapacious,vapid,auspicious,impertinent,vilification,,chastise,,,,,,,,,,,,,,,,,,,
mercenary,commonplace,amiable,pert,traducement,,chide,,,,,,,,,,,,,,,,,,,
materialistic,pedestrian,congenial,blatant,obloquy,,upbraid,,,,,,,,,,,,,,,,,,,
mean,humdrum,cordial,flagrant,vituperation,,reproach,,,,,,,,,,,,,,,,,,,
miserly,,tender,,revilement,,berate,,,,,,,,,,,,,,,,,,,
grabby,,benevolent,,scurrility,,lambaste,,,,,,,,,,,,,,,,,,,
,,indulgent,,insults,,criticize,,,,,,,,,,,,,,,,,,,
,,benignant,,,,censure,,,,,,,,,,,,,,,,,,,
,,,,,,punish,,,,,,,,,,,,,,,,,,,
,,,,,,discipline,,,,,,,,,,,,,,,,,,,
,,,,,,chasten,,,,,,,,,,,,,,,,,,,
,,,,,,reprehend,,,,,,,,,,,,,,,,,,,
,,,,,,objurgate,,,,,,,,,,,,,,,,,,,
,,,,,,,,,,,,,,,,,,,,,,,,,
caustic,construe,contrite,convoluted,craven,decorum,deft,,,,,,,,,,,,,,,,,,,
sarcastic,parse,remorseful,complicated,cowardly,propriety,adroit,,,,,,,,,,,,,,,,,,,
mordant,render,repentant,intricate,timid,decency,dexterous,,,,,,,,,,,,,,,,,,,
bitter,elucidate,penitent,elaborate,timorous,good taste,nimble,,,,,,,,,,,,,,,,,,,
scathing,,apologetic,impenetrable,fearful,politeness,proficient,,,,,,,,,,,,,,,,,,,
sardonic,,rueful,tortuous,quaking,courtesy,shrewd,,,,,,,,,,,,,,,,,,,
scornful,,ashamed,tangled,cowering,breeding,astute,,,,,,,,,,,,,,,,,,,
trenchant,,chastened,bewildering,weak,deportment,canny,,,,,,,,,,,,,,,,,,,
acerbic,,compunctious,baffling,feeble,modesty,artful,,,,,,,,,,,,,,,,,,,
vitriolic,,,perplexing,wimpish,,,,,,,,,,,,,,,,,,,,,
pungent,,,,wimpy,,,,,,,,,,,,,,,,,,,,,
acrimonious,,,,recreant,,,,,,,,,,,,,,,,,,,,,
polemic,,,,,,,,,,,,,,,,,,,,,,,,,
virulent,,,,,,,,,,,,,,,,,,,,,,,,,
waspish,,,,,,,,,,,,,,,,,,,,,,,,,
,,,,,,,,,,,,,,,,,,,,,,,,,
demur,derivative,diatribe,incredulous,ingenuous,,,,,,,,,,,,,,,,,,,,,
cavil,imitative,tirade,dubious,candid,,,,,,,,,,,,,,,,,,,,,
dissent,trite,harangue,cynical,unsophisticated,,,,,,,,,,,,,,,,,,,,,
balk,hackneyed,reprimand,sceptical,artless,,,,,,,,,,,,,,,,,,,,,
,banal,admonishment,wary,genuine,,,,,,,,,,,,,,,,,,,,,
,,vituperation,,,,,,,,,,,,,,,,,,,,,,,
,,castigation,,,,,,,,,,,,,,,,,,,,,,,
,,,,,,,,,,,,,,,,,,,,,,,,,
,,,,,,,,,,,,,,,,,,,,,,,,,
group 3,,,,,,,,,,,,,,,,,,,,,,,,,
abate,abjure,anomalous,antipathy,arcane,arduous,artless,,,,,,,,,,,,,,,,,,,
alleviate,relinquish,aberrant,animosity,covert,onerous,modest,,,,,,,,,,,,,,,,,,,
mitigate,abandon,peculiar,aversion,clandestine,taxing,ingenuous,,,,,,,,,,,,,,,,,,,
mollify,gainsay,incongruous,animus,enigmatic,laborious,guileless,,,,,,,,,,,,,,,,,,,
assuage,disclaim,deviant,enmity,esoteric,strenuous,candid,,,,,,,,,,,,,,,,,,,
palliate,repudiate,divergent,abhorrence,abstruse,vigorous,,,,,,,,,,,,,,,,,,,,
appease,abnegate,eccentric,loathing,recondite,Herculean,,,,,,,,,,,,,,,,,,,,
attenuate,eschew,,repugnance,inscrutable,formidable,,,,,,,,,,,,,,,,,,,,
,forsake,,,impenetrable,exhausting,,,,,,,,,,,,,,,,,,,,
,,,,opaque,,,,,,,,,,,,,,,,,,,,,
,,,,,,,,,,,,,,,,,,,,,,,,,
ascetic,assuage,betray,bucolic,burgeon,cacophonous,chicanery,,,,,,,,,,,,,,,,,,,
austere,alleviate,reveal,rustic,proliferate,thunderous,subterfuge,,,,,,,,,,,,,,,,,,,
abstemious,mitigate,uncover,pastoral,escalate,raucous,guile,,,,,,,,,,,,,,,,,,,
frugal,palliate,unmask,countryside,flourish,dissonant,skulduggery,,,,,,,,,,,,,,,,,,,
rigorous,abate,expose,agricultural,thrive,inharmonious,hoodwinking,,,,,,,,,,,,,,,,,,,
spartan,tranquillize,discover,agrarian,prosper,strident,artfulness,,,,,,,,,,,,,,,,,,,
monkish,mollify,,outdoor,,grating,,,,,,,,,,,,,,,,,,,,
chaste,moderate,,idyllic,,jarring,,,,,,,,,,,,,,,,,,,,
,attenuate,,Arcadian,,absonant,,,,,,,,,,,,,,,,,,,,
,diminish,,,,,,,,,,,,,,,,,,,,,,,,
,quench,,,,,,,,,,,,,,,,,,,,,,,,
,,,,,,,,,,,,,,,,,,,,,,,,,
,,,,,,,,,,,,,,,,,,,,,,,,,
coalesce,cogent,compelling,contend,copious,cosmopolitan,deference,,,,,,,,,,,,,,,,,,,
amalgamate,plausible,enthralling,profess,abundant,suave,reverence,,,,,,,,,,,,,,,,,,,
consolidate,eloquent,riveting,aver,profuse,urbane,veneration,,,,,,,,,,,,,,,,,,,
synthesize,credible,entrancing,avow,lavish,refined,awe,,,,,,,,,,,,,,,,,,,
,lucid,hypnotic,,bountiful,sophisticated,submission,,,,,,,,,,,,,,,,,,,
,coherent,absorbing,,abounding,,obeisance,,,,,,,,,,,,,,,,,,,
,articulate,,,manifold,,,,,,,,,,,,,,,,,,,,,
,,,,galore,,,,,,,,,,,,,,,,,,,,,
,,,,lank,,,,,,,,,,,,,,,,,,,,,
,,,,bounteous,,,,,,,,,,,,,,,,,,,,,
,,,,myriad,,,,,,,,,,,,,,,,,,,,,
,,,,,,,,,,,,,,,,,,,,,,,,,
desultory,diffident,dilatory,equivocate,prodigal,verbose,,,,,,,,,,,,,,,,,,,,
cursory,bashful,tardy,prevaricate,extravagant,loquacious,,,,,,,,,,,,,,,,,,,,
superficial,meek,lax,hedge,spendthrift,garrulous,,,,,,,,,,,,,,,,,,,,
perfunctory,unassertive,indolent,vacillate,imprudent,voluble,,,,,,,,,,,,,,,,,,,,
haphazard,timid,loitering,cavil,profligate,effusive,,,,,,,,,,,,,,,,,,,,
random,wary,lingering,quibble,wanton,prolix,,,,,,,,,,,,,,,,,,,,
automatic,,dawdling,waffle,generous,circumlocutory,,,,,,,,,,,,,,,,,,,,
capricious,,,,lavish,tautological,,,,,,,,,,,,,,,,,,,,
mechanical,,,,copious,redundant,,,,,,,,,,,,,,,,,,,,
chaotic,,,,profuse,tortuous,,,,,,,,,,,,,,,,,,,,
sporadic,,,,,convoluted,,,,,,,,,,,,,,,,,,,,
fitful,,,,,diffuse,,,,,,,,,,,,,,,,,,,,
,,,,,meandering,,,,,,,,,,,,,,,,,,,,
,,,,,,,,,,,,,,,,,,,,,,,,,
,,,,,,,,,,,,,,,,,,,,,,,,,
,,,,,,,,,,,,,,,,,,,,,,,,,
group 4,,,,,,,,,,,,,,,,,,,,,,,,,
abstain,approbation,cherish,corroborate,disparate,emulate,enervate,,,,,,,,,,,,,,,,,,,
desist,adulation,revere,endorse,contrasting,imitate,exhaust,,,,,,,,,,,,,,,,,,,
forbear,veneration,admire,validate,heterogeneous,reproduce,fatigue,,,,,,,,,,,,,,,,,,,
renounce,accolades,protect,sustain,distinct,mimic,weary,,,,,,,,,,,,,,,,,,,
shun,plaudits,nurture,bolster,myriad,equal,sap,,,,,,,,,,,,,,,,,,,
eschew,laudation,,reinforce,,parallel,enfeeble,,,,,,,,,,,,,,,,,,,
abandon,,,,,surpass,poop,,,,,,,,,,,,,,,,,,,
abjure,,,,,,torpefy,,,,,,,,,,,,,,,,,,,
,,,,,,,,,,,,,,,,,,,,,,,,,
,,,,,,,,,,,,,,,,,,,,,,,,,
ephemeral,fervid,garrulous,incendiary,inimical,intimate,invigorate,,,,,,,,,,,,,,,,,,,
transitory,fervent,loquacious,agitator,antagonistic,cherished,revitalize,,,,,,,,,,,,,,,,,,,
transient,ardent,voluble,firebrand,unsympathetic,constant,revive,,,,,,,,,,,,,,,,,,,
cursory,passionate,verbose,troublemaker,malevolent,devoted,vivify,,,,,,,,,,,,,,,,,,,
evanescent,vehement,jabbering,revolutionary,detrimental,favourite,rejuvenate,,,,,,,,,,,,,,,,,,,
fugitive,avid,effusive,insurgent,deleterious,,galvanize,,,,,,,,,,,,,,,,,,,
fugacious,,prolix,subversive,pernicious,,,,,,,,,,,,,,,,,,,,,
,,,instigator,prejudicial,,,,,,,,,,,,,,,,,,,,,
,,,,malefic,,,,,,,,,,,,,,,,,,,,,
,,,,,,,,,,,,,,,,,,,,,,,,,
mitigate,obsolete,opaque,pedantic,placid,polemical,precipitate,,,,,,,,,,,,,,,,,,,
alleviate,anachronistic,perplexing,scrupulous,equable,vitriolic,impetuous,,,,,,,,,,,,,,,,,,,
attenuate,antique,enigmatic,precisionist,tranquil,waspish,imprudent,,,,,,,,,,,,,,,,,,,
assuage,archaic,equivocal,punctilious,imperturbable,trenchant,temerarious,,,,,,,,,,,,,,,,,,,
appease,defunct,cryptic,meticulous,serene,acerbic,expedite,,,,,,,,,,,,,,,,,,,
moderate,,abstruse,fastidious,,sardonic,instigate,,,,,,,,,,,,,,,,,,,
abate,,recondite,dogmatic,,scathing,,,,,,,,,,,,,,,,,,,,
pacify,,arcane,cerebral,,pungent,,,,,,,,,,,,,,,,,,,,
placate,,esoteric,didactic,,acidulous,,,,,,,,,,,,,,,,,,,,
mollify,,,,,,,,,,,,,,,,,,,,,,,,,
tranquillize,,,,,,,,,,,,,,,,,,,,,,,,,
,,,,,,,,,,,,,,,,,,,,,,,,,
profundity,prophetic,prudent,punctilious,recondite,scrupulous,tranquil,,,,,,,,,,,,,,,,,,,
sagacity,prescient,sagacious,meticulous,abstruse,meticulous,reposeful,,,,,,,,,,,,,,,,,,,
acuity,predictive,canny,scrupulous,arcane,painstaking,serene,,,,,,,,,,,,,,,,,,,
profoundness,prophetical,circumspect,painstaking,esoteric,assiduous,placid,,,,,,,,,,,,,,,,,,,
perceptiveness,prognostic,thrifty,fastidious,abstract,sedulous,idyllic,,,,,,,,,,,,,,,,,,,
penetration,divinatory,sparing,finical,unfathomable,punctilious,stoical,,,,,,,,,,,,,,,,,,,
perception,oracular,frugal,pedantic,,religious,pacific,,,,,,,,,,,,,,,,,,,
,,abstemious,laborious,,pedantic,,,,,,,,,,,,,,,,,,,,
,,,,,virtuous,,,,,,,,,,,,,,,,,,,,
,,,,,,,,,,,,,,,,,,,,,,,,,
vacillate,,,,,,,,,,,,,,,,,,,,,,,,,
dither,,,,,,,,,,,,,,,,,,,,,,,,,
irresolute,,,,,,,,,,,,,,,,,,,,,,,,,
tentative,,,,,,,,,,,,,,,,,,,,,,,,,
dithering,,,,,,,,,,,,,,,,,,,,,,,,,
ambivalent,,,,,,,,,,,,,,,,,,,,,,,,,
,,,,,,,,,,,,,,,,,,,,,,,,,
,,,,,,,,,,,,,,,,,,,,,,,,,
group 5,,,,,,,,,,,,,,,,,,,,,,,,,
,,,,,,,,,,,,,,,,,,,,,,,,,
aloof,conventional,debunk,diminutive,discernible,,,,,,,,,,,,,,,,,,,,,
,orthodox,deflate,compact,obvious,,,,,,,,,,,,,,,,,,,,,
austere,decorous,quash,homuncular,manifest,,,,,,,,,,,,,,,,,,,,,
haughty,suburban,controvert,miniature,conspicuous,,,,,,,,,,,,,,,,,,,,,
supercilious,parochial,confute,,patent,,,,,,,,,,,,,,,,,,,,,
disdainful,stodgy,negate,,evident,,,,,,,,,,,,,,,,,,,,,
,,challenge,,distinct,,,,,,,,,,,,,,,,,,,,,
,,,,,,,,,,,,,,,,,,,,,,,,,
,,,,,,,,,,,,,,,,,,,,,,,,,
enigmatic,estrange,extravagant,fanciful,frivolous,,,,,,,,,,,,,,,,,,,,,
perplexing,alienate,spendthrift,whimsical,waggish,,,,,,,,,,,,,,,,,,,,,
bewildering,antagonize,profligate,capricious,facetious,,,,,,,,,,,,,,,,,,,,,
inscrutable,,prodigal,quixotic,superficial,,,,,,,,,,,,,,,,,,,,,
equivocal,,squandering,chimerical,frothy,,,,,,,,,,,,,,,,,,,,,
paradoxical,,imprudent,extravagant,trivial,,,,,,,,,,,,,,,,,,,,,
oblique,,exorbitant,eccentric,peripheral,,,,,,,,,,,,,,,,,,,,,
arcane,,inordinate,baroque,zany,,,,,,,,,,,,,,,,,,,,,
abstruse,,ostentatious,,whimsical,,,,,,,,,,,,,,,,,,,,,
recondite,,,,,,,,,,,,,,,,,,,,,,,,,
esoteric,,,,,,,,,,,,,,,,,,,,,,,,,
,,,,,,,,,,,,,,,,,,,,,,,,,
heterogeneous,imperious,impertinent,irresolute,laudable,,,,,,,,,,,,,,,,,,,,,
,peremptory,insolent,tentative,praiseworthy,,,,,,,,,,,,,,,,,,,,,
sundry,authoritarian,impudent,vacillating,admirable,,,,,,,,,,,,,,,,,,,,,
variegated,lordly,audacious,equivocating,meritorious,,,,,,,,,,,,,,,,,,,,,
motley,officious,brazen,dithering,sterling,,,,,,,,,,,,,,,,,,,,,
myriad,,presumptuous,fluctuating,,,,,,,,,,,,,,,,,,,,,,
,,pert,ambivalent,,,,,,,,,,,,,,,,,,,,,,
,,,iffy,,,,,,,,,,,,,,,,,,,,,,
,,,,,,,,,,,,,,,,,,,,,,,,,
lax,panache,plodding,prosaic,restive,,,,,,,,,,,,,,,,,,,,,
slipshod,flamboyance,wade,humdrum,restless,,,,,,,,,,,,,,,,,,,,,
heedless,zest,toil,mundane,fidgety,,,,,,,,,,,,,,,,,,,,,
slapdash,vivacity,trawl,insipid,apprehensive,,,,,,,,,,,,,,,,,,,,,
permissive,pizzazz,,vapid,nervy,,,,,,,,,,,,,,,,,,,,,
indulgent,,,banal,jittery,,,,,,,,,,,,,,,,,,,,,
,,,hackneyed,,,,,,,,,,,,,,,,,,,,,,
,,,trite,,,,,,,,,,,,,,,,,,,,,,
,,,unembellished,,,,,,,,,,,,,,,,,,,,,,
,,,monotonous,,,,,,,,,,,,,,,,,,,,,,
,,,,,,,,,,,,,,,,,,,,,,,,,
sporadic,stigmatize,undermine,utterly,weary,zealous,,,,,,,,,,,,,,,,,,,,
fitful,condemn,erode,,sapped,fervent,,,,,,,,,,,,,,,,,,,,
desultory,disparage,subvert,absolutely,prostrate,ardent,,,,,,,,,,,,,,,,,,,,
erratic,vilify,sabotage,radically,enervated,fervid,,,,,,,,,,,,,,,,,,,,
,pillory,enfeeble,stark,jaded,zestful,,,,,,,,,,,,,,,,,,,,
,defame,sap,bigly,knackered,perfervid,,,,,,,,,,,,,,,,,,,,
,,,,pooped,,,,,,,,,,,,,,,,,,,,,
,,,,,,,,,,,,,,,,,,,,,,,,,
group 6,,,,,,,,,,,,,,,,,,,,,,,,,
admonish,aesthetic,affectation,alleviate,analogous,bolster,,,,,,,,,,,,,,,,,,,,
castigate,ornamental,pretension,diminish,parallel,reinforce,,,,,,,,,,,,,,,,,,,,
lambaste,graceful,pretence,assuage,kindred,fortify,,,,,,,,,,,,,,,,,,,,
berate,attractive,ostentation,palliate,cognate,buttress,,,,,,,,,,,,,,,,,,,,
carpet,stylish,grandiosity,quell,homologous,revitalize,,,,,,,,,,,,,,,,,,,,
reprehend,artistic,superciliousness,abate,,invigorate,,,,,,,,,,,,,,,,,,,,
objurgate,,pretensions,pacify,,,,,,,,,,,,,,,,,,,,,,
,,masquerade,placate,,,,,,,,,,,,,,,,,,,,,,
,,charade,extenuate,,,,,,,,,,,,,,,,,,,,,,
,,feigning,mollify,,,,,,,,,,,,,,,,,,,,,,
,,,,,,,,,,,,,,,,,,,,,,,,,
connoisseur,dissemble,dogged,dupe,empirical,engender,,,,,,,,,,,,,,,,,,,,
pundit,dissimulate,tenacious,hoodwink,observed,incite,,,,,,,,,,,,,,,,,,,,
savant,feign,pertinacious,gull,factual,kindle,,,,,,,,,,,,,,,,,,,,
aesthete,masquerade,obdurate,ensnare,verifiable,instigate,,,,,,,,,,,,,,,,,,,,
epicure,counterfeit,steadfast,beguile,pragmatic,foment,,,,,,,,,,,,,,,,,,,,
gastronome,pose,staunch,bamboozle,heuristic,beget,,,,,,,,,,,,,,,,,,,,
maven,posture,laborious,finagle,,enkindle,,,,,,,,,,,,,,,,,,,,
,shroud,indurate,euchre,,effectuate,,,,,,,,,,,,,,,,,,,,
,,,simpleton,,,,,,,,,,,,,,,,,,,,,,
,,,stooge,,,,,,,,,,,,,,,,,,,,,,
,,,patsy,,,,,,,,,,,,,,,,,,,,,,
,,,sap,,,,,,,,,,,,,,,,,,,,,,
,,,schlemiel,,,,,,,,,,,,,,,,,,,,,,
,,,,,,,,,,,,,,,,,,,,,,,,,
entitled,pertinacious,presumptuous,probity,proliferate,specious,spurious,,,,,,,,,,,,,,,,,,,
denominate,tenacious,brazen,rectitude,snowball,misleading,bogus,,,,,,,,,,,,,,,,,,,
accredit,assiduous,audacious,virtue,burgeon,deceptive,specious,,,,,,,,,,,,,,,,,,,
enfranchise,dogged,pert,equity,escalate,fallacious,factitious,,,,,,,,,,,,,,,,,,,
capacitate,indefatigable,impertinent,ethics,,,feigned,,,,,,,,,,,,,,,,,,,
,insistent,insolent,,,,contrived,,,,,,,,,,,,,,,,,,,
,implacable,impudent,,,,fictitious,,,,,,,,,,,,,,,,,,,
,mulish,bumptious,,,,fallacious,,,,,,,,,,,,,,,,,,,
,obstinate,impetuous,,,,meretricious,,,,,,,,,,,,,,,,,,,
,obdurate,,,,,ersatz,,,,,,,,,,,,,,,,,,,
,intransigent,,,,,phoney,,,,,,,,,,,,,,,,,,,
,intractable,,,,,adulterine,,,,,,,,,,,,,,,,,,,
,refractory,,,,,,,,,,,,,,,,,,,,,,,,
,indurate,,,,,,,,,,,,,,,,,,,,,,,,
,,,,,,,,,,,,,,,,,,,,,,,,,
subjective,subvert,timorous,tortuous,tractable,transient,ubiquitous,,,,,,,,,,,,,,,,,,,
intuitive,oust,apprehensive,sinuous,malleable,transitory,omnipresent,,,,,,,,,,,,,,,,,,,
impressionistic,sabotage,quaking,undulating,compliant,ephemeral,pervasive,,,,,,,,,,,,,,,,,,,
biased,undermine,diffident,circuitous,tame,evanescent,prevalent,,,,,,,,,,,,,,,,,,,
prejudiced,debase,bashful,labyrinthine,meek,mutable,predominant,,,,,,,,,,,,,,,,,,,
bigoted,vitiate,reticent,anfractuous,gullible,fugacious,inescapable,,,,,,,,,,,,,,,,,,,
idiosyncratic,,timid,flexuous,obsequious,,,,,,,,,,,,,,,,,,,,,
irrational,,demure,verbose,sycophantic,,,,,,,,,,,,,,,,,,,,,
,,wimpish,,,,,,,,,,,,,,,,,,,,,,,
,,recreant,,,,,,,,,,,,,,,,,,,,,,,
,,,,,,,,,,,,,,,,,,,,,,,,,
venal,venerate,,,,,,,,,,,,,,,,,,,,,,,,
grafting,revere,,,,,,,,,,,,,,,,,,,,,,,,
fraudulent,adulate,,,,,,,,,,,,,,,,,,,,,,,,
unscrupulous,deify,,,,,,,,,,,,,,,,,,,,,,,,
mercenary,exalt,,,,,,,,,,,,,,,,,,,,,,,,
avaricious,extol,,,,,,,,,,,,,,,,,,,,,,,,
rapacious,aggrandize,,,,,,,,,,,,,,,,,,,,,,,,
simoniac,lionize,,,,,,,,,,,,,,,,,,,,,,,,
,laud,,,,,,,,,,,,,,,,,,,,,,,,
,,,,,,,,,,,,,,,,,,,,,,,,,
group 7,,,,,,,,,,,,,,,,,,,,,,,,,
appease,arbitrary,archaic,clamorous,dearth,explicable,hyperbole,,,,,,,,,,,,,,,,,,,
assuage,capricious,obsolete,vociferous,paucity,accountable,exaggeration,,,,,,,,,,,,,,,,,,,
conciliate,whimsical,anachronistic,raucous,sparseness,intelligible,embroidery,,,,,,,,,,,,,,,,,,,
placate,erratic,defunct,rackety,scantiness,exponible,embellishment,,,,,,,,,,,,,,,,,,,
pacify,haphazard,,tumultuous,destitution,,puffery,,,,,,,,,,,,,,,,,,,
propitiate,wanton,,importunate,privation,,,,,,,,,,,,,,,,,,,,,
palliate,,,insistent,exiguity,,,,,,,,,,,,,,,,,,,,,
mollify,,,vehement,,,,,,,,,,,,,,,,,,,,,,
tranquillize,,,,,,,,,,,,,,,,,,,,,,,,,
,,,,,,,,,,,,,,,,,,,,,,,,,
immutable,indefatigable,indolent,insular,intransigent,intrepid,irreverent,,,,,,,,,,,,,,,,,,,
rigid,indomitable,apathetic,parochial,obstinate,dauntless,disdainful,,,,,,,,,,,,,,,,,,,
entrenched,persistent,lethargic,myopic,obdurate,unabashed,scornful,,,,,,,,,,,,,,,,,,,
indelible,tenacious,languid,dogmatic,inexorable,audacious,contemptuous,,,,,,,,,,,,,,,,,,,
ineradicable,dogged,torpid,rigid,inveterate,mettlesome,insolent,,,,,,,,,,,,,,,,,,,
perpetual,assiduous,plodding,entrenched,adamant,valiant,impudent,,,,,,,,,,,,,,,,,,,
,industrious,lax,prejudiced,tenacious,stalwart,impertinent,,,,,,,,,,,,,,,,,,,
,,,bigoted,indurate,,presumptuous,,,,,,,,,,,,,,,,,,,
,,,partisan,,,,,,,,,,,,,,,,,,,,,,
,,,xenophobic,,,,,,,,,,,,,,,,,,,,,,
,,,,,,,,,,,,,,,,,,,,,,,,,
loathe,malign,malleable,neophyte,platitude,prescient,pristine,,,,,,,,,,,,,,,,,,,
abhor,The Latin root word mal means +IBw-bad+IB0- or +IBw-evil.+IB0-,pliable,novice,clich+AOk-,prophetic,immaculate,,,,,,,,,,,,,,,,,,,
abominate,inimical,tractable,initiate,truism,clairvoyant,flawless,,,,,,,,,,,,,,,,,,,
execrate,malevolent,docile,fledgling,commonplace,prognostic,virgin,,,,,,,,,,,,,,,,,,,
abhorrence,malignant,complaisant,apprentice,banality,oracular,unsullied,,,,,,,,,,,,,,,,,,,
antipathy,injurious,plastic,probationer,,sibylline,undefiled,,,,,,,,,,,,,,,,,,,
animosity,spiteful,,tenderfoot,,,,,,,,,,,,,,,,,,,,,,
malice,malicious,,,,,,,,,,,,,,,,,,,,,,,,
enmity,malefic,,,,,,,,,,,,,,,,,,,,,,,,
aversion,vilify,,,,,,,,,,,,,,,,,,,,,,,,
repugnance,calimniate,,,,,,,,,,,,,,,,,,,,,,,,
,,,,,,,,,,,,,,,,,,,,,,,,,
,,,,,,,,,,,,,,,,,,,,,,,,,
reproach,robust,salubrious,sanction,sedulous,soporific,stern,,,,,,,,,,,,,,,,,,,
chide,stark,wholesome,deterrent,meticulous,somnolent,stringent,,,,,,,,,,,,,,,,,,,
reprimand,brawny,salutary,embargo,assiduous,calmative,exacting,,,,,,,,,,,,,,,,,,,
admonish,durable,luxurious,boycott,industrious,tranquillizing,authoritarian,,,,,,,,,,,,,,,,,,,
chastise,resilient,grand,acquiescence,laborious,opiate,draconian,,,,,,,,,,,,,,,,,,,
berate,hunky(Like Vishu),,approbation,punctilious,somnific,grim,,,,,,,,,,,,,,,,,,,
castigate,,,accreditation,scrupulous,,Austere,,,,,,,,,,,,,,,,,,,
lambaste,,,ratification,painstaking,,,,,,,,,,,,,,,,,,,,,
censure,,,,pedantic,,,,,,,,,,,,,,,,,,,,,
carpet,,,,,,,,,,,,,,,,,,,,,,,,,
objurgate,,,,,,,,,,,,,,,,,,,,,,,,,
reprobate,,,,,,,,,,,,,,,,,,,,,,,,,
,,,,,,,,,,,,,,,,,,,,,,,,,
group 8,,,,,,,,,,,,,,,,,,,,,,,,,
accentuate,conjectural,convivial,decadent,egregious,evanescent,flamboyant,,,,,,,,,,,,,,,,,,,
underline,putative,genial,dissolute,ghastly,dwindling,ostentatious,,,,,,,,,,,,,,,,,,,
underscore,abstract,affable,dissipated,horrendous,fugitive,exuberant,,,,,,,,,,,,,,,,,,,
spotlight,postulated,amiable,depraved,abominable,fugacious,buoyantt,,,,,,,,,,,,,,,,,,,
foreground,inferred,congenial,louche,abhorrent,ephemeraly,vivacious,,,,,,,,,,,,,,,,,,,
,presupposed,gregariousy,rakish,harrowing,transient,rakish,,,,,,,,,,,,,,,,,,,
,tentative,jovial,wanton,dire,,lurid,,,,,,,,,,,,,,,,,,,
,groundless,couthy,profligate,flagrant,,,,,,,,,,,,,,,,,,,,,
,,,sybaritic,blatant,,,,,,,,,,,,,,,,,,,,,
,,,voluptuary,,,,,,,,,,,,,,,,,,,,,,
,,,epicurean,,,,,,,,,,,,,,,,,,,,,,
,,,,,,,,,,,,,,,,,,,,,,,,,
forestall,gainsay,galvanize,indiscriminate,innocuous,momentary,mundane,,,,,,,,,,,,,,,,,,,
thwart,repudiate,invigorate,haphazard,innoxious,transient,humdrum,,,,,,,,,,,,,,,,,,,
avert,debunk,vitalize,heterogeneous,insipid,transitory,prosaic,,,,,,,,,,,,,,,,,,,
preclude,refute,exhilarate,motley,anodyne,ephemeral,quotidian,,,,,,,,,,,,,,,,,,,
obviate,rebut,dynamize,chaotic,commonplace,evanescent,commonplace,,,,,,,,,,,,,,,,,,,
hinder,controvert,,,,fugitive,pedestrian,,,,,,,,,,,,,,,,,,,
impede,,,,,fugacious,banal,,,,,,,,,,,,,,,,,,,
,,,,,,hackneyed,,,,,,,,,,,,,,,,,,,
,,,,,,trite,,,,,,,,,,,,,,,,,,,
,,,,,,hacky,,,,,,,,,,,,,,,,,,,
,,,,,,,,,,,,,,,,,,,,,,,,,
nullify,obviate,omnipresent,oust,palpable,perfidy,profuse,,,,,,,,,,,,,,,,,,,
rescind,preclude,ubiquitous,depose,discernible,perfidiousness,copious,,,,,,,,,,,,,,,,,,,
abrogate,avert,rife,topple,observable,infidelity,prolific,,,,,,,,,,,,,,,,,,,
veto,,prevalent,purge,tangible,falsity,extravagant,,,,,,,,,,,,,,,,,,,
obliterate,,common,banish,evident,,effusive,,,,,,,,,,,,,,,,,,,
,,,deport,apparent,,inordinate,,,,,,,,,,,,,,,,,,,
,,,exile,conspicuous,,,,,,,,,,,,,,,,,,,,,
,,,,,,,,,,,,,,,,,,,,,,,,,
pugnacious,sagacious,sanguine,scant,skulduggery,trivial,utilitarian,,,,,,,,,,,,,,,,,,,
belligerent,discerning,erubescent,meagre,unscrupulousness,frivolous,practical,,,,,,,,,,,,,,,,,,,
bellicose,canny,rubescent,deficient,chicanery,trifling,functional,,,,,,,,,,,,,,,,,,,
contentious,acute,buoyant,exiguous,machinations,fiddling,pragmatic,,,,,,,,,,,,,,,,,,,
defiant,astute,,,hanky+AC0-panky,paltry,workaday,,,,,,,,,,,,,,,,,,,
truculent,shrewd,,,,nugatory,robust,,,,,,,,,,,,,,,,,,,
irascible,prudentl,,,,flimsy,,,,,,,,,,,,,,,,,,,,
,percipient,,,,,,,,,,,,,,,,,,,,,,,,
,sapient,,,,,,,,,,,,,,,,,,,,,,,,
,,,,,,,,,,,,,,,,,,,,,,,,,
vapid,,,,,,,,,,,,,,,,,,,,,,,,,
insipid,,,,,,,,,,,,,,,,,,,,,,,,,
colourless,,,,,,,,,,,,,,,,,,,,,,,,,
feeble,,,,,,,,,,,,,,,,,,,,,,,,,
zestless,,,,,,,,,,,,,,,,,,,,,,,,,
trite,,,,,,,,,,,,,,,,,,,,,,,,,
,,,,,,,,,,,,,,,,,,,,,,,,,
group 9,,,,,,,,,,,,,,,,,,,,,,,,,
boorish,brook,circumspect,commensurate,cordial,deleterious,dichotomy,,,,,,,,,,,,,,,,,,,
coarse,,wary,corresponding,genial,inimical,gulf,,,,,,,,,,,,,,,,,,,
impolite,tolerate,heedful,correspondent,affable,adverse,chasm,,,,,,,,,,,,,,,,,,,
churlish,abide,vigilant,commensurable,amiable,pernicious,polarity,,,,,,,,,,,,,,,,,,,
barbarous,countenance,prudent,,acute,ruinous,antagonism,,,,,,,,,,,,,,,,,,,
philistine,,canny,,fervent,,contrariety,,,,,,,,,,,,,,,,,,,
,,,,fervid,,,,,,,,,,,,,,,,,,,,,
,,,,ardent,,,,,,,,,,,,,,,,,,,,,
,,,,profound,,,,,,,,,,,,,,,,,,,,,
,,,,perfervid,,,,,,,,,,,,,,,,,,,,,
,,,,,,,,,,,,,,,,,,,,,,,,,
edify,elicit,erudite,fecund,feeble,felicitous,forbear,,,,,,,,,,,,,,,,,,,
inculcate,induce,lettered,fertile,puny,apposite,abstain,,,,,,,,,,,,,,,,,,,
indoctrinate,prompt,sagacious,fruitful,enfeebled,pertinent,desist,,,,,,,,,,,,,,,,,,,
elevate,engender,donnish,prolific,enervated,germane,eschew,,,,,,,,,,,,,,,,,,,
,kindle,cerebral,fructuous,tottery,congruous,,,,,,,,,,,,,,,,,,,,
,extort,pedantic,,etiolated,lucky,,,,,,,,,,,,,,,,,,,,
,,esoteric,,craven,,,,,,,,,,,,,,,,,,,,,
,,recondite,,implausible,,,,,,,,,,,,,,,,,,,,,
,,sapient,,inept,,,,,,,,,,,,,,,,,,,,,
,,,,paltry,,,,,,,,,,,,,,,,,,,,,
,,,,futile,,,,,,,,,,,,,,,,,,,,,
,,,,,,,,,,,,,,,,,,,,,,,,,
haphazard,hodgepodge,impede,impetuous,irascible,mercenary,meticulous,,,,,,,,,,,,,,,,,,,
indiscriminate,assortment,obstruct,heedless,waspish,avaricious,conscientious,,,,,,,,,,,,,,,,,,,
chaotic,ragbag,hamper,imprudent,peevish,covetous,scrupulous,,,,,,,,,,,,,,,,,,,
arbitrary,melange,thwart,spontaneous,captious,rapacious,punctilious,,,,,,,,,,,,,,,,,,,
slapdash,,balk,impromptu,fractious,venal,painstaking,,,,,,,,,,,,,,,,,,,
slipshod,,cumber,precipitate,iracund,materialistic,fastidious,,,,,,,,,,,,,,,,,,,
,,,,,,pedantic,,,,,,,,,,,,,,,,,,,
,,,,,,laborious,,,,,,,,,,,,,,,,,,,
,,,,,,,,,,,,,,,,,,,,,,,,,
mordant,outstrip,precarious,quirky,repudiate,tact,trifling,,,,,,,,,,,,,,,,,,,
trenchant,overshadow,perilous,quirkyeccentric,abjure,prudence,trivial,,,,,,,,,,,,,,,,,,,
acerbic,eclipse,dubious,idiosyncratic,recant,decorum,petty,,,,,,,,,,,,,,,,,,,
sardonic,,dodgy,peculiar,gainsay,savvy,incidental,,,,,,,,,,,,,,,,,,,
scathing,,,zany,controvert,perception,frivolous,,,,,,,,,,,,,,,,,,,
pungent,,,kinky,refute,subtlety,superficial,,,,,,,,,,,,,,,,,,,
incisive,,,,forsake,,piddling,,,,,,,,,,,,,,,,,,,
polemic,,,,,,exiguous,,,,,,,,,,,,,,,,,,,
virulent,,,,,,,,,,,,,,,,,,,,,,,,,
vitriolic,,,,,,,,,,,,,,,,,,,,,,,,,
waspish,,,,,,,,,,,,,,,,,,,,,,,,,
,,,,,,,,,,,,,,,,,,,,,,,,,
turbulent,,,,,,,,,,,,,,,,,,,,,,,,,
tempestuous,,,,,,,,,,,,,,,,,,,,,,,,,
stormy,,,,,,,,,,,,,,,,,,,,,,,,,
unstable,,,,,,,,,,,,,,,,,,,,,,,,,
unsettled,,,,,,,,,,,,,,,,,,,,,,,,,
tumultuous,,,,,,,,,,,,,,,,,,,,,,,,,
chaotic,,,,,,,,,,,,,,,,,,,,,,,,,
anarchic,,,,,,,,,,,,,,,,,,,,,,,,,
agitated,,,,,,,,,,,,,,,,,,,,,,,,,
boisterous,,,,,,,,,,,,,,,,,,,,,,,,,
,,,,,,,,,,,,,,,,,,,,,,,,,
group 10,,,,,,,,,,,,,,,,,,,,,,,,,
acumen,antithesis,ascribe,befuddle,eschew,esoteric,evasive,,,,,,,,,,,,,,,,,,,
shrewdness,contrast,attribute,bewildered,shun,abstruse,prevaricating,,,,,,,,,,,,,,,,,,,
acuity,(direct) opposite,accredit,fazed,abjure,arcane,elusive,,,,,,,,,,,,,,,,,,,
canniness,converse,impute,perplexed,relinquish,recondite,ambiguous,,,,,,,,,,,,,,,,,,,
discernment,reverse,,stupefied,gainsay,abstract,equivocal,,,,,,,,,,,,,,,,,,,
sagacity,,,fuddled,repudiate,perplexing,vague,,,,,,,,,,,,,,,,,,,
perspicacity,,,benumbed,abnegate,enigmatic,enigmatic,,,,,,,,,,,,,,,,,,,
ingenuity,,,vague,abdicate,inscrutable,perplexing,,,,,,,,,,,,,,,,,,,
savvy,,,,forsake,unfathomable,gnomic,,,,,,,,,,,,,,,,,,,
,,,,,involuted,,,,,,,,,,,,,,,,,,,,
,,,,,,,,,,,,,,,,,,,,,,,,,
expedite,fastidious,feign,furtive,hamper,indispensable,lament,,,,,,,,,,,,,,,,,,,
hasten,scrupulous,masquerade,surreptitious,basket,vital,wail,,,,,,,,,,,,,,,,,,,
precipitatee,punctilious,malinger,wily,hinder,imperative,moaning,,,,,,,,,,,,,,,,,,,
facilitate,painstaking,ostensible,clandestine,impede,obligatory,weeping,,,,,,,,,,,,,,,,,,,
stimulate,meticulous,avowed,covert,inhibit,acute,complaint,,,,,,,,,,,,,,,,,,,
,assiduous,phoney,skulking,balk,paramount,jeremiad,,,,,,,,,,,,,,,,,,,
,sedulous,,,thwart,,,,,,,,,,,,,,,,,,,,,
,finicky,,,foil,,,,,,,,,,,,,,,,,,,,,
,pedantic,,,,,,,,,,,,,,,,,,,,,,,,
,exacting,,,,,,,,,,,,,,,,,,,,,,,,
,,,,,,,,,,,,,,,,,,,,,,,,,
myopic,nonchalant,partial,pensive,portend,provincial,rudimentary,,,,,,,,,,,,,,,,,,,
insular,airy,fragmentary,contemplative,presage,parochial,primitive,,,,,,,,,,,,,,,,,,,
parochial,dispassionate,prejudiced,cogitative,augur,suburban,vestigial,,,,,,,,,,,,,,,,,,,
provincial,detached,partisan,ruminative,foreshadow,insular,fundamental,,,,,,,,,,,,,,,,,,,
,apathetic,slanted,wistful,foretell,limited,abortive,,,,,,,,,,,,,,,,,,,
,insouciant,skewed,melancholy,herald,localist,obsolete,,,,,,,,,,,,,,,,,,,
,,coloured,ruminant,harbinger,bigoted,,,,,,,,,,,,,,,,,,,,
,,jaundiced,,,prejudiced,,,,,,,,,,,,,,,,,,,,
,,inequitable,,,intolerant,,,,,,,,,,,,,,,,,,,,
,,,,,jerkwater,,,,,,,,,,,,,,,,,,,,
,,,,,,,,,,,,,,,,,,,,,,,,,
salutary,sever,slight,somnolent,supersede,tout,wane,,,,,,,,,,,,,,,,,,,
salubrious,amputate,scant,languid,supplant,endorse,evanesce,,,,,,,,,,,,,,,,,,,
profitable,sunder,minuscule,lethargic,oust,urge,remit,,,,,,,,,,,,,,,,,,,
practical,terminate,exiguous,enervated,override,flaunt,ebb,,,,,,,,,,,,,,,,,,,
,cleave,superficial,torpid,succeed,advertise,atrophy,,,,,,,,,,,,,,,,,,,
,,trifling,oscitant,,publicize,attenuate,,,,,,,,,,,,,,,,,,,
,,trivial,tranquil,,,abate,,,,,,,,,,,,,,,,,,,
,,,isolated,,,evaporate,,,,,,,,,,,,,,,,,,,
,,,,,,,,,,,,,,,,,,,,,,,,,
,,,,,,,,,,,,,,,,,,,,,,,,,
group 11,,,,,,,,,,,,,,,,,,,,,,,,,
abhor,boisterous,chivalrous,churlish,clandestine,complacent,cumbersome,,,,,,,,,,,,,,,,,,,
abominate,exuberant,bold,boorish,covert,smug,complex,,,,,,,,,,,,,,,,,,,
execrate,frisky,gallant,loutish,furtive,gloating,inefficient,,,,,,,,,,,,,,,,,,,
disdain,ebullient,urbane,uncharitable,surreptitious,triumphant,wasteful,,,,,,,,,,,,,,,,,,,
have an aversion to,tumultuous,intrepid,surly,,gratified,slow,,,,,,,,,,,,,,,,,,,
disrelish,clamorous,,sullen,,lax,lumbersome,,,,,,,,,,,,,,,,,,,
,clangorous,,,,wisenheimer,,,,,,,,,,,,,,,,,,,,
,animated,,,,,,,,,,,,,,,,,,,,,,,,
,,,,,,,,,,,,,,,,,,,,,,,,,
debilitating,deliberate,droll,eccentric,fractious,limpid,obeisance,,,,,,,,,,,,,,,,,,,
enfeeble,conscious,zany,aberrant,peevish,lucid,veneration,,,,,,,,,,,,,,,,,,,
enervate,wilful,quirky,anomalous,pettish,intelligible,deference,,,,,,,,,,,,,,,,,,,
prostrate,wanton,eccentric,idiosyncratic,irascible,perceptible,reverence,,,,,,,,,,,,,,,,,,,
torpefy,aforethought,ludicrous,quirky,waspish,coherent,salaam,,,,,,,,,,,,,,,,,,,
,ponderous,jocular,capricious,ornery,luminous,,,,,,,,,,,,,,,,,,,,
,systematic,facetious,whimsical,wayward,pellucid,,,,,,,,,,,,,,,,,,,,
,painstaking,whimsical,avant garde,,,,,,,,,,,,,,,,,,,,,,
,meticulous,,,,,,,,,,,,,,,,,,,,,,,,
,,,,,,,,,,,,,,,,,,,,,,,,,
ostentatious,panacea,perfunctory,perilous,pervasive,preclude,predilection,,,,,,,,,,,,,,,,,,,
pretentious,nostrum,cursory,treacherous,prevalent,,penchant,,,,,,,,,,,,,,,,,,,
conspicuous,elixir,desultory,precarious,penetrating,impede,proclivity,,,,,,,,,,,,,,,,,,,
obtrusive,,superficial,dicey,ubiquitous,inhibit,proneness,,,,,,,,,,,,,,,,,,,
flamboyant,,sketchy,gnarly,omnipresent,forbid,affinity,,,,,,,,,,,,,,,,,,,
gaudy,,mechanical/automatic,parlous,pandemic,,,,,,,,,,,,,,,,,,,,,
extravagant,,,,insidious,,,,,,,,,,,,,,,,,,,,,
,,,,,,,,,,,,,,,,,,,,,,,,,
rapacious,relish,satirical,sham(Noun),skirt,sluggish,spartan,,,,,,,,,,,,,,,,,,,
avaricious,rapture,sardonic,charlatan,circumnavigate,stagnant,austere,,,,,,,,,,,,,,,,,,,
covetous,contentment,scornful,quack,fringe,lethargic,frugal,,,,,,,,,,,,,,,,,,,
mercenary,gratification,derisive,mountebank,dodge,torpid,stringent,,,,,,,,,,,,,,,,,,,
insatiable,titillation,trenchant,phoney,circumvent,languid,arduous,,,,,,,,,,,,,,,,,,,
voracious,zest,mordant,,,enervated,ascetic,,,,,,,,,,,,,,,,,,,
extortionate,,acerbic,,,somnolent,abstemious,,,,,,,,,,,,,,,,,,,
,,pungent,,,indolent,stark,,,,,,,,,,,,,,,,,,,
,,cynical,,,,,,,,,,,,,,,,,,,,,,,
,,Hudibrastic,,,,,,,,,,,,,,,,,,,,,,,
,,mordacious,,,,,,,,,,,,,,,,,,,,,,,
,,,,,,,,,,,,,,,,,,,,,,,,,
truculent,,,,,,,,,,,,,,,,,,,,,,,,,
belligerent,,,,,,,,,,,,,,,,,,,,,,,,,
pugnacious,,,,,,,,,,,,,,,,,,,,,,,,,
bellicose,,,,,,,,,,,,,,,,,,,,,,,,,
obstreperous,,,,,,,,,,,,,,,,,,,,,,,,,
sullen,,,,,,,,,,,,,,,,,,,,,,,,,
scrappy,,,,,,,,,,,,,,,,,,,,,,,,,
feisty(Like Greg),,,,,,,,,,,,,,,,,,,,,,,,,
,,,,,,,,,,,,,,,,,,,,,,,,,
group 12,,,,,,,,,,,,,,,,,,,,,,,,,
acrimonious,belligerent,beneficent,canny,cavalier,distress,dwindling,,,,,,,,,,,,,,,,,,,
rancorous,pugnacious,benevolent,shrewd,supercilious,perturb,wane,,,,,,,,,,,,,,,,,,,
scathing,bellicose,altruistic,astute,haughty,disquiet,plummet,,,,,,,,,,,,,,,,,,,
trenchant,truculent,magnanimous,acute,disdainful,agitate,wither,,,,,,,,,,,,,,,,,,,
virulent,contentious,munificent,sagacious,scornful,vex,,,,,,,,,,,,,,,,,,,,
vitriolic,irascible,benign,circumspect,insolent,harrowing,,,,,,,,,,,,,,,,,,,,
waspish,,indulgent,prudent,glib,,,,,,,,,,,,,,,,,,,,,
pernicious,,,savvy,perfunctory,,,,,,,,,,,,,,,,,,,,,
irascible,,,,cursory,,,,,,,,,,,,,,,,,,,,,
mordacious,,,,,,,,,,,,,,,,,,,,,,,,,
,,,,,,,,,,,,,,,,,,,,,,,,,
eclipse,exacerbate,exasperated,hackneyed,incongruous,interchangeable,laconic,,,,,,,,,,,,,,,,,,,
drawf,aggravate,exacerbate,platitudinous,discordant,parallel,succinct,,,,,,,,,,,,,,,,,,,
trump,inflame,infuriate,vapid,dissonant,analogous,economical,,,,,,,,,,,,,,,,,,,
transcend,augment,incense,trite,jarring,homogeneous,elliptical,,,,,,,,,,,,,,,,,,,
,,exacerbate,banal,extraneous,cognate,incisive,,,,,,,,,,,,,,,,,,,
,,madden,commonplace,disparate,,compendious,,,,,,,,,,,,,,,,,,,
,,aggravate,prosaic,,,gnomic,,,,,,,,,,,,,,,,,,,
,,,pedestrian,,,taciturn,,,,,,,,,,,,,,,,,,,
,,,humdrum,,,reticent,,,,,,,,,,,,,,,,,,,
,,,,,,unforthcoming,,,,,,,,,,,,,,,,,,,
,,,,,,,,,,,,,,,,,,,,,,,,,
lucrative,magisterial,onerous,opprobrium,parsimonious,peripheral,provocative,,,,,,,,,,,,,,,,,,,
remunerative,autocratic,arduous,vilification,miserly,incidental,exasperating,,,,,,,,,,,,,,,,,,,
fruitful,imperious,strenuous,vituperation,penurious,tangential,infuriating,,,,,,,,,,,,,,,,,,,
advantageous,pompous,laborious,castigation,frugal,superficial,maddening,,,,,,,,,,,,,,,,,,,
,lofty,Herculean,denunciation,stingy,extraneous,vexing,,,,,,,,,,,,,,,,,,,
,haughty,gruelling,reviling,,,galling,,,,,,,,,,,,,,,,,,,
,supercilious,toilsome,calumny,,,incendiary,,,,,,,,,,,,,,,,,,,
,patronizing,exigent,execration,,,aggravating,,,,,,,,,,,,,,,,,,,
,,,excoriation,,,,,,,,,,,,,,,,,,,,,,
,,,lambasting,,,,,,,,,,,,,,,,,,,,,,
,,,,,,,,,,,,,,,,,,,,,,,,,
renounce,tempestuous,tenable,transgression,urbane,,,,,,,,,,,,,,,,,,,,,
,turbulent,defensible,misdemeanour,debonair,,,,,,,,,,,,,,,,,,,,,
eschew,tumultuous,justifiable,vice,worldly,,,,,,,,,,,,,,,,,,,,,
abdicate,feverish,rational,indiscretion,glib,,,,,,,,,,,,,,,,,,,,,
repudiate,frantic,plausible,mischief,gallant,,,,,,,,,,,,,,,,,,,,,
,mercurial,credible,wickedness,affable,,,,,,,,,,,,,,,,,,,,,
,capricious,,contravention,tactful,,,,,,,,,,,,,,,,,,,,,
,erratic,,infraction,,,,,,,,,,,,,,,,,,,,,,
,,,,,,,,,,,,,,,,,,,,,,,,,
,,,,,,,,,,,,,,,,,,,,,,,,,
group 13,,,,,,,,,,,,,,,,,,,,,,,,,
affinity,altruistic,baroque,compromise,conciliatory,countenance,covert,,,,,,,,,,,,,,,,,,,
empathy,magnanimous,ostentatious,undermine,placatory,approbate,furtive,,,,,,,,,,,,,,,,,,,
rapport,benevolent,flamboyant,prejudice,mollifying,brook,clandestine,,,,,,,,,,,,,,,,,,,
accord,beneficent,grandiloquent,jeopardize,reconciliatory,endure,surreptitious,,,,,,,,,,,,,,,,,,,
propinquity,philanthropic,rhetorical,endanger,propitiative,visage,,,,,,,,,,,,,,,,,,,,
,bounteous,bombastic,imperil,placative,,,,,,,,,,,,,,,,,,,,,
,,convoluted,,,,,,,,,,,,,,,,,,,,,,,
,,aureate,,,,,,,,,,,,,,,,,,,,,,,
,,,,,,,,,,,,,,,,,,,,,,,,,
credible,diffuse,documentary,exhaustive,exhilarating,extraneous,fervour,,,,,,,,,,,,,,,,,,,
plausible,dispersed,chronicled,encyclopedic,intoxicate,peripheral,ardour,,,,,,,,,,,,,,,,,,,
assuasive,verbose,archive,profound,enliven,tangential,zeal,,,,,,,,,,,,,,,,,,,
verisimilar,prolix,charted,umbrella,animate,adventitious,vehemence,,,,,,,,,,,,,,,,,,,
colourable,protracted,factual,meticulous,invigorate,alien,avidity,,,,,,,,,,,,,,,,,,,
cogitable,discursive,,painstaking,,,assiduity,,,,,,,,,,,,,,,,,,,
,maundering,,,,,,,,,,,,,,,,,,,,,,,,
,digressive,,,,,,,,,,,,,,,,,,,,,,,,
,circumlocutory,,,,,,,,,,,,,,,,,,,,,,,,
,,,,,,,,,,,,,,,,,,,,,,,,,
futile,illusory,invidious,lethargic,metaphorical,mimic,obscure,,,,,,,,,,,,,,,,,,,
vain,delusory,prejudicial,inert,allegorical,imitate,dubious,,,,,,,,,,,,,,,,,,,
thwarted,sham,iniquitous,torpid,analogous,caricature,vague,,,,,,,,,,,,,,,,,,,
abortive,fallacious,deleterious,languid,emblematic,satirize,indeterminate,,,,,,,,,,,,,,,,,,,
sterile,bogus,detrimental,indolent,imaginative,lampoon,concealed,,,,,,,,,,,,,,,,,,,
nugatory,erroneous,unenviable,phlegmatic,parabolic,burlesque,,,,,,,,,,,,,,,,,,,,
,specious,,apathetic,,travesty,,,,,,,,,,,,,,,,,,,,
,chimerical,,enervated,,,,,,,,,,,,,,,,,,,,,,
,,,somnolent,,,,,,,,,,,,,,,,,,,,,,
,,,,,,,,,,,,,,,,,,,,,,,,,
overt,pellucid,perpetuate,rational,scathing,subtle,superficial,,,,,,,,,,,,,,,,,,,
unconcealed,translucent,continue,cogent,withering,ingenious,cursory,,,,,,,,,,,,,,,,,,,
apparent,transparent,immortalize,coherent,mordant,adroit,perfunctory,,,,,,,,,,,,,,,,,,,
conspicuous,crystalline,commemorate,sagacious,trenchant,elusive,sketchy,,,,,,,,,,,,,,,,,,,
visible,limpid,eternalize,astute,virulent,abstruse,desultory,,,,,,,,,,,,,,,,,,,
manifest,,,shrewd,vitriolic,,slapdash,,,,,,,,,,,,,,,,,,,
brazen,,,prudent,scornful,,slipshod,,,,,,,,,,,,,,,,,,,
,,,circumspect,,,hasty,,,,,,,,,,,,,,,,,,,
,,,pragmatic,,,,,,,,,,,,,,,,,,,,,,
,,,,,,,,,,,,,,,,,,,,,,,,,
group 14,,,,,,,,,,,,,,,,,,,,,,,,,
acquiesce,adroit,amend,apologist,astringent,collaborate,competent,,,,,,,,,,,,,,,,,,,
tolerate,adept,modify,advocate,acerbic,merge,proficient,,,,,,,,,,,,,,,,,,,
brook,dexterous,adapt,proponent,austere,fraternize,adept,,,,,,,,,,,,,,,,,,,
OK,deft,revamp,exponent,mordant,conspire,adroit,,,,,,,,,,,,,,,,,,,
,astute,remedy,champion,trenchant,collude,virtuoso,,,,,,,,,,,,,,,,,,,
,shrewd,ameliorate,enthusiast,sarcastic,amalgamate,,,,,,,,,,,,,,,,,,,,
,canny,,,sardonic,integrate,,,,,,,,,,,,,,,,,,,,
,ingenious,,,scathing,,,,,,,,,,,,,,,,,,,,,
,savvy,,,waspish,,,,,,,,,,,,,,,,,,,,,
,,,,snarky,,,,,,,,,,,,,,,,,,,,,
,,,,,,,,,,,,,,,,,,,,,,,,,
correlate,deride,dictate,discreet,divorced,exacting,flummoxed,,,,,,,,,,,,,,,,,,,
analogize,disdain,edict,circumspect,eparate,onerous,obfuscate,,,,,,,,,,,,,,,,,,,
harmonize,disparage,ordinance,wary,disunite,arduous,baffled,,,,,,,,,,,,,,,,,,,
dovetail,contemm,dictum,chary,alienate,laborious,bewildered,,,,,,,,,,,,,,,,,,,
parallel,vilify,exhortation,guarded,sunder,stringent,bamboozle,,,,,,,,,,,,,,,,,,,
,lampoon,canon,tactful,dissever,inflict(verb),bemuse,,,,,,,,,,,,,,,,,,,
,satirize,axiom,prudent,,impose(verb),perplex,,,,,,,,,,,,,,,,,,,
,,,,,compel(verb),bemuse,,,,,,,,,,,,,,,,,,,
,,,,,,perplex,,,,,,,,,,,,,,,,,,,
,,,,,,,,,,,,,,,,,,,,,,,,,
fruitful,inborn,reticent,stringent,subservient,surreptitious,tantalizing,,,,,,,,,,,,,,,,,,,
fecund,inborninnate,introverted,rigid,deferential,clandestine,entice,,,,,,,,,,,,,,,,,,,
abundant,congenital,inhibited,inflexible,acquiescent,furtive,titillate,,,,,,,,,,,,,,,,,,,
profuse,ingrained,diffident,draconian,ductile,covert,intrigue,,,,,,,,,,,,,,,,,,,
prolific,connate,shrinking,extreme,pliant,,allure,,,,,,,,,,,,,,,,,,,
progenitive,connatural,taciturn,,servile,,beguile,,,,,,,,,,,,,,,,,,,
fructuous,,,,downtrodden,,fascinate,,,,,,,,,,,,,,,,,,,
effectual,,,,snivelling,,,,,,,,,,,,,,,,,,,,,
,,,,cowering,,,,,,,,,,,,,,,,,,,,,
,,,,cringing,,,,,,,,,,,,,,,,,,,,,
,,,,,,,,,,,,,,,,,,,,,,,,,
tantamount,torpor,trenchant,umbrage,versatile,wayward,,,,,,,,,,,,,,,,,,,,
as good as,lethargy,incisive,bridle ,adaptable,obstinate,,,,,,,,,,,,,,,,,,,,
more or less,inertia,acute,get the hump,flexible,obdurate,,,,,,,,,,,,,,,,,,,,
on a par with,languor,stinging,,protean,perverse,,,,,,,,,,,,,,,,,,,,
,indolence,mordant,,,defiant,,,,,,,,,,,,,,,,,,,,
,apathy,pungent,,,refractory,,,,,,,,,,,,,,,,,,,,
,lassitude,scathing,,,capricious,,,,,,,,,,,,,,,,,,,,
,enervation,acerbic,,,whimsical,,,,,,,,,,,,,,,,,,,,
,,astringent,,,fickle,,,,,,,,,,,,,,,,,,,,
,,sarcastic,,,erratic,,,,,,,,,,,,,,,,,,,,
,,,,,intractable,,,,,,,,,,,,,,,,,,,,
,,,,,fractious,,,,,,,,,,,,,,,,,,,,
,,,,,contumacious,,,,,,,,,,,,,,,,,,,,
,,,,,,,,,,,,,,,,,,,,,,,,,
group 15,,,,,,,,,,,,,,,,,,,,,,,,,
alienate,apathy,apropos,apt,cloak,consensus,distort,,,,,,,,,,,,,,,,,,,
estrange,lethargy,pertinent,adept,veneer,concord,contort,,,,,,,,,,,,,,,,,,,
detach,languor,apposite,proficient,mantle,concurrence,wrench,,,,,,,,,,,,,,,,,,,
divorce,lassitude,apt,competent,shroud,accord,buckled,,,,,,,,,,,,,,,,,,,
,torpor,germane,astute,pretext,unanimity,malformed,,,,,,,,,,,,,,,,,,,
,,felicitous,befitting,smokescreen,solidarity,gnarled,,,,,,,,,,,,,,,,,,,
,,,felicitous,,,falsify,,,,,,,,,,,,,,,,,,,
,,,congruous,,,skew,,,,,,,,,,,,,,,,,,,
,,,judicious,,,prejudiced,,,,,,,,,,,,,,,,,,,
,,,apropos,,,tinkered with,,,,,,,,,,,,,,,,,,,
,,,,,,,,,,,,,,,,,,,,,,,,,
divergent,elate,enchant,entrenched,exotic,exploitative,gratify,,,,,,,,,,,,,,,,,,,
disparate,exhilarated,enrapture,ensconce,tropical,abandon,gladden,,,,,,,,,,,,,,,,,,,
contradictory,gleeful,enthral,ingrained,alien,desolate,assuage,,,,,,,,,,,,,,,,,,,
,animated,beguile,ineradicable,extravagant,bleak,pacify,,,,,,,,,,,,,,,,,,,
,jubilant,bewitch,inveterate,astonishing,derelict,appease,,,,,,,,,,,,,,,,,,,
,exultant,ensnare,immutable,bizarre,,,,,,,,,,,,,,,,,,,,,
,ecstatic,rivet,inexorable,peculiar,,,,,,,,,,,,,,,,,,,,,
,euphoric,transfix,,,,,,,,,,,,,,,,,,,,,,,
,rapturous,rapture,,,,,,,,,,,,,,,,,,,,,,,
,,,,,,,,,,,,,,,,,,,,,,,,,
heed,judicious,lucid,pertinent,propriety,scintillation,sensational,,,,,,,,,,,,,,,,,,,
observe,prudent,cogent,apposite,decorum,exhilarating,startling,,,,,,,,,,,,,,,,,,,
notice,shrewd,coherent,apt,rectitude,invigorating,astonishing,,,,,,,,,,,,,,,,,,,
consider,astute,articulate,germane,demureness,vivacious,appalling,,,,,,,,,,,,,,,,,,,
,canny,eloquent,apropos,gentility,coruscating,scandalous,,,,,,,,,,,,,,,,,,,
,sagacious,perspicuous,appurtenant,orthodoxy,effervescent,momentous,,,,,,,,,,,,,,,,,,,
,percipient,graphic,,probity,ebullient,,,,,,,,,,,,,,,,,,,,
,circumspect,,,tenue,,,,,,,,,,,,,,,,,,,,,
,expedient,,,,,,,,,,,,,,,,,,,,,,,,
,savvy,,,,,,,,,,,,,,,,,,,,,,,,
,sapient,,,,,,,,,,,,,,,,,,,,,,,,
,,,,,,,,,,,,,,,,,,,,,,,,,
sophisticated,strife,unscrupulous,veracity,virulent,violate,,,,,,,,,,,,,,,,,,,,
worldly,discord,amoral,truth,pernicious,erratic,,,,,,,,,,,,,,,,,,,,
enlightened,variance,reprobate,accuracy,baneful,fraught,,,,,,,,,,,,,,,,,,,,
cosmopolitan,wrangling,exploitative,fidelity,vitriolic,eruptive,,,,,,,,,,,,,,,,,,,,
suave,bickering,fraudulent,scrupulousness,malicious,turbulent,,,,,,,,,,,,,,,,,,,,
urbane,animosity,devious,probity,malevolent,mutable,,,,,,,,,,,,,,,,,,,,
,,guileful,,malignant,protean,,,,,,,,,,,,,,,,,,,,
,,furtive,,malign,,,,,,,,,,,,,,,,,,,,,
,,sly,,vindictive,,,,,,,,,,,,,,,,,,,,,
,,venal,,rancorous,,,,,,,,,,,,,,,,,,,,,
,,,,acrimonious,,,,,,,,,,,,,,,,,,,,,
,,,,mordant,,,,,,,,,,,,,,,,,,,,,
,,,,scathing,,,,,,,,,,,,,,,,,,,,,
,,,,,,,,,,,,,,,,,,,,,,,,,
group 16,,,,,,,,,,,,,,,,,,,,,,,,,
antedate,banish,bridle,comply,crestfallen,curtain,elucidate,,,,,,,,,,,,,,,,,,,
precede,expatriate,curb,,despondent,Shroud,illuminate,,,,,,,,,,,,,,,,,,,
predate,extradite,subdue,satisfy,dejected,mask,explicate,,,,,,,,,,,,,,,,,,,
anticipate,repatriate,stifle,meet,desolate,,annotate,,,,,,,,,,,,,,,,,,,
,excommunicate,,observe,doleful,,untangle,,,,,,,,,,,,,,,,,,,
,ostracize,,,forlorn,,,,,,,,,,,,,,,,,,,,,
,disperse,,,abashed,,,,,,,,,,,,,,,,,,,,,
,scatter,,,abject,,,,,,,,,,,,,,,,,,,,,
,dissipate,,,dolorous,,,,,,,,,,,,,,,,,,,,,
,oust,,,,,,,,,,,,,,,,,,,,,,,,
,,,,,,,,,,,,,,,,,,,,,,,,,
evade,feckless,fester,iconoclastic,immure,improvise,inhibit,,,,,,,,,,,,,,,,,,,
elude,inept,,heretical,confine,ad lib,impede,,,,,,,,,,,,,,,,,,,
avoid,slothful,rankle,malcontent,intern,ad hoc,fetter,,,,,,,,,,,,,,,,,,,
dodge,indolent,chafe,subversive,incarcerate,improvisatory,stifle,,,,,,,,,,,,,,,,,,,
sidestep,apathetic,smoulder,renegade,,extempore,smother,,,,,,,,,,,,,,,,,,,
,lousy,,mutinous,,spontaneous,thwart,,,,,,,,,,,,,,,,,,,
,,,maverick,,contrive,,,,,,,,,,,,,,,,,,,,
,,,,,concoct,,,,,,,,,,,,,,,,,,,,
,,,,,,,,,,,,,,,,,,,,,,,,,
inscrutable,lionize,monotonous,peculiar,premeditate,profligate,recondite,,,,,,,,,,,,,,,,,,,
unfathomable,exalt,tedious,individual,cold+AC0-blooded,spendthrift,abstruse,,,,,,,,,,,,,,,,,,,
perplexing,extol,humdrum,idiosyncratic,wilful,improvident,arcane,,,,,,,,,,,,,,,,,,,
baffling,venerate,mechanical,conspicuous,purposive,prodigal,esoteric,,,,,,,,,,,,,,,,,,,
bewildering,eulogize,prosaic,like,prepense,wanton,abstract,,,,,,,,,,,,,,,,,,,
abstruse,adulate,colourless,,,,profound,,,,,,,,,,,,,,,,,,,
arcane,aggrandize,monochrome,,,,unfathomable,,,,,,,,,,,,,,,,,,,
sibylline,laud,,,,,opaque,,,,,,,,,,,,,,,,,,,
wildering,panegyrize,,,,,,,,,,,,,,,,,,,,,,,,
,,,,,,,,,,,,,,,,,,,,,,,,,
refine,relinquish,ruminate,skittish,superfluous,thorough,visionary,,,,,,,,,,,,,,,,,,,
temper,forswear,contemplate,restive,surplus,exhaustive,ingenious,,,,,,,,,,,,,,,,,,,
elaborate,eschew,consider,fidgety,redundant,meticulous,perceptive,,,,,,,,,,,,,,,,,,,
consummate,abandon,,frisky,gratuitous,scrupulous,intuitive,,,,,,,,,,,,,,,,,,,
tweak,abdicate,,coltish,,assiduous,shrewd,,,,,,,,,,,,,,,,,,,
sift,,,coquettish,,conscientious,utopian,,,,,,,,,,,,,,,,,,,
rectify,,,frolic,,painstaking,quixotic,,,,,,,,,,,,,,,,,,,
,,,wanton,,sedulous,unfeasible,,,,,,,,,,,,,,,,,,,
,,,,,sweeping,,,,,,,,,,,,,,,,,,,,
vociferous,,,,,,,,,,,,,,,,,,,,,,,,,
vehement,,,,,,,,,,,,,,,,,,,,,,,,,
forthright,,,,,,,,,,,,,,,,,,,,,,,,,
candid,,,,,,,,,,,,,,,,,,,,,,,,,
insistent,,,,,,,,,,,,,,,,,,,,,,,,,
emphatic,,,,,,,,,,,,,,,,,,,,,,,,,
clamorous,,,,,,,,,,,,,,,,,,,,,,,,,
strident,,,,,,,,,,,,,,,,,,,,,,,,,
,,,,,,,,,,,,,,,,,,,,,,,,,
group 17,,,,,,,,,,,,,,,,,,,,,,,,,
acclaim,ascertain,assertive,bogus,cataclysmic,circumscribe,complementary,,,,,,,,,,,,,,,,,,,
exalted,deduce,authoritative,spurious,catastrophic,curb,harmonizing,,,,,,,,,,,,,,,,,,,
adulate,intuit,insistent,fraudulent,calamitous,restrain,complementing,,,,,,,,,,,,,,,,,,,
eulogize,discern,firm,sham,ruinous,regulate,reciprocal,,,,,,,,,,,,,,,,,,,
lionize,comprehend,assaultive,feigned,,control,interdependent,,,,,,,,,,,,,,,,,,,
extol,savvy,feisty,fictitious,,,,,,,,,,,,,,,,,,,,,,
,cognize,,ersatz,,,,,,,,,,,,,,,,,,,,,,
,,,phoney,,,,,,,,,,,,,,,,,,,,,,
,,,,,,,,,,,,,,,,,,,,,,,,,
contentious,disingenuous,divulge,dogmatic,fallacious,foolhardy,hinder,,,,,,,,,,,,,,,,,,,
vexed,dissembling,reveal,peremptory,erroneous,rash,impede,,,,,,,,,,,,,,,,,,,
ambivalent,mendacious,impart,imperative,delusory,heedless,inhibit,,,,,,,,,,,,,,,,,,,
equivocal,unscrupulous,broadcast,doctrinaire,specious,imprudent,thwart,,,,,,,,,,,,,,,,,,,
factious(Of a person),shifty,proclaim,imperious,spurious,impetuous,forestall,,,,,,,,,,,,,,,,,,,
pugnacious(Of a person),subtle,promulgate,pontifical,fabricated,hasty,curtail,,,,,,,,,,,,,,,,,,,
bellicose(Of a person),,,dictatorial,distorted,temerarious,encumber,,,,,,,,,,,,,,,,,,,
belligerent(Of a person),,,rigid,phoney,,,,,,,,,,,,,,,,,,,,,
petulant(Of a person),,,,,,,,,,,,,,,,,,,,,,,,,
truculent(Of a person),,,,,,,,,,,,,,,,,,,,,,,,,
,,,,,,,,,,,,,,,,,,,,,,,,,
impair,impugn,incessant,inclined,inveterate,miserly,patent,,,,,,,,,,,,,,,,,,,
diminish,challenge,ceaseless,minded,ingrained,parsimonious,copyright,,,,,,,,,,,,,,,,,,,
impede,question,unabating,predisposed,entrenched,avaricious,charter,,,,,,,,,,,,,,,,,,,
undermine,dispute,interminable,bias(make someone),congenital,ascetic,franchise,,,,,,,,,,,,,,,,,,,
vitiate,,perpetual,prejudice(make someone),ineradicable,puritanical,conspicuous,,,,,,,,,,,,,,,,,,,
,,persistent,,,stingy,flagrant,,,,,,,,,,,,,,,,,,,
,,recurrent,,,lamentabl(of a quantity),palpable,,,,,,,,,,,,,,,,,,,
,,,,,stingy(of a quantity),,,,,,,,,,,,,,,,,,,,
,,,,,piddling(of a quantity),,,,,,,,,,,,,,,,,,,,
,,,,,exiguous(of a quantity),,,,,,,,,,,,,,,,,,,,
,,,,,,,,,,,,,,,,,,,,,,,,,
petulant,pithy,sanctimonious,sound(adj.),tarnish,tepid,upbraid,,,,,,,,,,,,,,,,,,,
waspish,pettish(of language or style),churchy,cogent,blemish,apathetic,reprimand,,,,,,,,,,,,,,,,,,,
irascible,succinct(of language or style),pious,plausible,calumniate,perfunctory,admonish,,,,,,,,,,,,,,,,,,,
fractious,compendious(of language or style),unctuous,sturdy,debase,desultory,chastise,,,,,,,,,,,,,,,,,,,
captious,epigrammatic(of language or style),superior,whole,stigmatize,,berate,,,,,,,,,,,,,,,,,,,
churlish,laconic(of language or style),hypocritical,,vitiate,,lambast,,,,,,,,,,,,,,,,,,,
,trenchant(of language or style),,,plausible,,censure,,,,,,,,,,,,,,,,,,,
,,,,,,,,,,,,,,,,,,,,,,,,,
vexation,,,,,,,,,,,,,,,,,,,,,,,,,
petulance,,,,,,,,,,,,,,,,,,,,,,,,,
umbrage,,,,,,,,,,,,,,,,,,,,,,,,,
perturbation,,,,,,,,,,,,,,,,,,,,,,,,,
aggravation,,,,,,,,,,,,,,,,,,,,,,,,,
,,,,,,,,,,,,,,,,,,,,,,,,,
group 18,,,,,,,,,,,,,,,,,,,,,,,,,
abet,accessible,acquisitive,amalgamate,attenuate,augment,aversion,,,,,,,,,,,,,,,,,,,
champion,reachable,covetous,coalesce,diminished,exacerbate,abhorrence,,,,,,,,,,,,,,,,,,,
sanction,attainable,avaricious,consolidate,impaired,aggravate,loathing,,,,,,,,,,,,,,,,,,,
succour,intelligible,avid,affiliate,enervated,inflame,antipathy,,,,,,,,,,,,,,,,,,,
further,penetrable,rapacious,,,compound,repugnance,,,,,,,,,,,,,,,,,,,
expedite,,mercenary,,,ameliorate,disrelish,,,,,,,,,,,,,,,,,,,
,,grabby,,,,,,,,,,,,,,,,,,,,,,,
,,,,,,,,,,,,,,,,,,,,,,,,,
blithe,contempt,dawdle,deflect,discount(verb),dissident(adj.),efficacious,,,,,,,,,,,,,,,,,,,
casual,disdain,linger,divert(something),disregard,dissenting,effectual,,,,,,,,,,,,,,,,,,,
indifferent,opprobrium,idle,avert(something),overlook,rebelling,constructive,,,,,,,,,,,,,,,,,,,
nonchalant,derision,procrastinate,ricochet(of an object),gloss over,revolutionary,fruitful,,,,,,,,,,,,,,,,,,,
,mockery,tarry,diverge(of an object,,,potent,,,,,,,,,,,,,,,,,,,
,loathing,,,,,,,,,,,,,,,,,,,,,,,,
,abhorrence,,,,,,,,,,,,,,,,,,,,,,,,
,,,,,,,,,,,,,,,,,,,,,,,,,
equitable,erratic,industrious,inform,irksome,manacle,modest,,,,,,,,,,,,,,,,,,,
unbigoted,turbulent,assiduous,prime,vexing,fetters,ordinary,,,,,,,,,,,,,,,,,,,
egalitarian,protean,sedulous,enlighten,galling,bonds,simple,,,,,,,,,,,,,,,,,,,
scrupulous,mercurial,painstaking,apprise,exasperating,darbies,homely,,,,,,,,,,,,,,,,,,,
neutral,capricious,pertinacious,,grating,gyves,unimposing,,,,,,,,,,,,,,,,,,,
,whimsical,zealous,,pesky,,,,,,,,,,,,,,,,,,,,,
,fickle,laborious,,pestilent,,,,,,,,,,,,,,,,,,,,,
,wayward,,,,,,,,,,,,,,,,,,,,,,,,
,fluctuant,,,,,,,,,,,,,,,,,,,,,,,,
,,,,,,,,,,,,,,,,,,,,,,,,,
noxious,pernicious,predicament,proficient,prolix,scorn,subordinate,,,,,,,,,,,,,,,,,,,
virulent,deleterious,plight,adept,protracted,derision,subservient,,,,,,,,,,,,,,,,,,,
pernicious,inimical,quandary,adroit,laborious,disdain,ancillary,,,,,,,,,,,,,,,,,,,
putrid,malevolent,pickle,deft,ponderous,mockery,auxiliary,,,,,,,,,,,,,,,,,,,
rancid,noxious,scrape,dexterous,verbose,contumely,peripheral,,,,,,,,,,,,,,,,,,,
bogging,malefic,dilemma,apt,maundering,,marginal,,,,,,,,,,,,,,,,,,,
,pestilent,,consummate,,,,,,,,,,,,,,,,,,,,,,
,baneful,,compleat,,,,,,,,,,,,,,,,,,,,,,
,,,,,,,,,,,,,,,,,,,,,,,,,
unseemly,,,,,,,,,,,,,,,,,,,,,,,,,
indecorous,,,,,,,,,,,,,,,,,,,,,,,,,
unbefitting,,,,,,,,,,,,,,,,,,,,,,,,,
coarse,,,,,,,,,,,,,,,,,,,,,,,,,
,,,,,,,,,,,,,,,,,,,,,,,,,
group 19,,,,,,,,,,,,,,,,,,,,,,,,,
acolyte,anoint,base,coercion,coin,cunning,discomfort,,,,,,,,,,,,,,,,,,,
retainer,consecrate,form,compulsion,fabricate,guileful,abashment,,,,,,,,,,,,,,,,,,,
votary,sanctify,establish,duress,devise,shrewd,flusteredness,,,,,,,,,,,,,,,,,,,
satellite,bless,ground,oppression,conceive,astute,perturbation,,,,,,,,,,,,,,,,,,,
pursuivant,ordain,root,enforcement,originate,canny,mortification,,,,,,,,,,,,,,,,,,,
,hallow,,,,deft,,,,,,,,,,,,,,,,,,,,
,,,,,adroit,,,,,,,,,,,,,,,,,,,,
,,,,,dexterous,,,,,,,,,,,,,,,,,,,,
,,,,,subtle,,,,,,,,,,,,,,,,,,,,
,,,,,vulpine,,,,,,,,,,,,,,,,,,,,
,,,,,,,,,,,,,,,,,,,,,,,,,
dissent,distil,dubious,ebullient,facetious,fallible,florid,,,,,,,,,,,,,,,,,,,
demur,sublimate,vacillating,exuberant,glib,erring,sanguine,,,,,,,,,,,,,,,,,,,
strife,fractionate,irresolute,buoyant,frivolous,errant,erubescent,,,,,,,,,,,,,,,,,,,
wrangling,refine,sceptical,jaunty,waggish,flawed,embellished,,,,,,,,,,,,,,,,,,,
bickering,,questionable,exhilarated,whimsical,weak,extravagant,,,,,,,,,,,,,,,,,,,
,,shady,elated,jesting,,flamboyant,,,,,,,,,,,,,,,,,,,
,,,euphoric,jocular,,baroque,,,,,,,,,,,,,,,,,,,
,,,jubilant,,,ostentatious,,,,,,,,,,,,,,,,,,,
,,,effervescent,,,grandiloquent,,,,,,,,,,,,,,,,,,,
,,,vivacious,,,rhetorical,,,,,,,,,,,,,,,,,,,
,,,,,,bombastic,,,,,,,,,,,,,,,,,,,
,,,,,,convoluted,,,,,,,,,,,,,,,,,,,
,,,,,,,,,,,,,,,,,,,,,,,,,
gawky,inveigle,jettison,mendacity,munificent,naive,noble,,,,,,,,,,,,,,,,,,,
gauche,entice,abandon,dissembling,bountiful,artless,exceptional,,,,,,,,,,,,,,,,,,,
maladroit,ensnare,relinquish,hypocrisy,magnanimous,ingenuous,formidable,,,,,,,,,,,,,,,,,,,
inept,beguile,,duplicity,philanthropic,gullible,sublime,,,,,,,,,,,,,,,,,,,
bashful,bamboozle,,perjury,unstinted,credulous,magnanimous,,,,,,,,,,,,,,,,,,,
nervy,blandish,,perfidy,bounteous,,lofty,,,,,,,,,,,,,,,,,,,
,,,,,,exalted,,,,,,,,,,,,,,,,,,,
,,,,,,elevated,,,,,,,,,,,,,,,,,,,
,,,,,,sublime,,,,,,,,,,,,,,,,,,,
,,,,,,,,,,,,,,,,,,,,,,,,,
parochial,pedestrian,prevaricate,prime(verb),radical,temporal,transitory,,,,,,,,,,,,,,,,,,,
provincial,plodding,vacillate,cardinal,revolutionary,secular,transient,,,,,,,,,,,,,,,,,,,
insular,tedious,quibble,pre+AC0-eminent,stringent,profane,ephemeral,,,,,,,,,,,,,,,,,,,
localist,monotonous,cavil,archetypal,rigorous,mundane,evanescent,,,,,,,,,,,,,,,,,,,
myopic,commonplace,hedge,superlative,extremist,carnal,fugitive,,,,,,,,,,,,,,,,,,,
,workaday,equivocate,quintessential,fanatical,,fugacious,,,,,,,,,,,,,,,,,,,
,,,,,,,,,,,,,,,,,,,,,,,,,
viable,,,,,,,,,,,,,,,,,,,,,,,,,
workable,,,,,,,,,,,,,,,,,,,,,,,,,
feasible,,,,,,,,,,,,,,,,,,,,,,,,,
expedient,,,,,,,,,,,,,,,,,,,,,,,,,
judicious,,,,,,,,,,,,,,,,,,,,,,,,,
doable,,,,,,,,,,,,,,,,,,,,,,,,,
,,,,,,,,,,,,,,,,,,,,,,,,,
group 20,,,,,,,,,,,,,,,,,,,,,,,,,
abreast,confound,digression,discrepancy,expedient(adj.),fabricate,glum,,,,,,,,,,,,,,,,,,,
alongside,bemuse,excursus,disparity,gainful,falsify,downcast,,,,,,,,,,,,,,,,,,,
level,perplex,divergence,divergence,pragmatic,invent,despondent,,,,,,,,,,,,,,,,,,,
abeam,astonish,meandering,dissimilitude,prudent,concoct,crestfallen,,,,,,,,,,,,,,,,,,,
,dismay,maundering,disaccord,judicious,contrive,desolate,,,,,,,,,,,,,,,,,,,
,bewilder,apostrophe,discordance,propitious,,doleful,,,,,,,,,,,,,,,,,,,
,negate(a theory),,incongruity,,,melancholy,,,,,,,,,,,,,,,,,,,
,contradict(a theory),,,,,saturnine,,,,,,,,,,,,,,,,,,,
,discredit(a theory),,,,,,,,,,,,,,,,,,,,,,,,
,,,,,,,,,,,,,,,,,,,,,,,,,
harbinger,intrinsic,largesse,libertine,malfeasance,manifest,minute,,,,,,,,,,,,,,,,,,,
herald,congenital,munificence,adulterer,deceit,betray,instant,,,,,,,,,,,,,,,,,,,
prelude,native,beneficence,debauchee,duplicity,evince,jiffy,,,,,,,,,,,,,,,,,,,
portent,ingrained,benefaction,voluptuary,falsity,reveal,,,,,,,,,,,,,,,,,,,,
presage,permanent,altruism,hedonist,,substantiate,,,,,,,,,,,,,,,,,,,,
precursor,fundamental,magnanimity,profligate,,corroborate,,,,,,,,,,,,,,,,,,,,
,constitutive,benevolence,wanton,,,,,,,,,,,,,,,,,,,,,,
,,,reprobate,,,,,,,,,,,,,,,,,,,,,,
,,,,,,,,,,,,,,,,,,,,,,,,,
modish,nascent,perennial,pious,providential,prowess,schism,,,,,,,,,,,,,,,,,,,
stylish,embryonic,perpetual,reverent,auspicious,adroitness,rupture,,,,,,,,,,,,,,,,,,,
contemporary,incipient,eternal,saintly,benign,dexterity,severance,,,,,,,,,,,,,,,,,,,
voguish,fledgling,ceaseless,faithful,felicitous,deftness,estrangement,,,,,,,,,,,,,,,,,,,
sassy,burgeoning,abiding,sanctimonious,expedient,finesse,alienation,,,,,,,,,,,,,,,,,,,
,naissant,,,miraculous,gallantry,chasm,,,,,,,,,,,,,,,,,,,
,,,,,heroism,discord,,,,,,,,,,,,,,,,,,,
,,,,,,,,,,,,,,,,,,,,,,,,,
slander,stalwart,supplicate,terse,tirade,universal,vanquish,,,,,,,,,,,,,,,,,,,
calumny,staunch,entreat,abrupt,diatribe,ubiquitous,trounce,,,,,,,,,,,,,,,,,,,
aspersions,devoted,beseech,succinct,polemic,comprehensive,annihilate,,,,,,,,,,,,,,,,,,,
vilification,vigorous,implore,pithy,harangue,omnipresent,clobber,,,,,,,,,,,,,,,,,,,
traducement,steadfast,solicit,economical,censure,rampant,pulverize,,,,,,,,,,,,,,,,,,,
defame(verb),resolute,importune,laconic,berating,pervasive,subjugate,,,,,,,,,,,,,,,,,,,
malign(verb),,,epigrammatic,vilification,,,,,,,,,,,,,,,,,,,,,
traduce(verb),,,,,,,,,,,,,,,,,,,,,,,,,
vilify(verb),,,,,,,,,,,,,,,,,,,,,,,,,
decry(verb),,,,,,,,,,,,,,,,,,,,,,,,,
,,,,,,,,,,,,,,,,,,,,,,,,,
woeful,,,,,,,,,,,,,,,,,,,,,,,,,
atrocious,,,,,,,,,,,,,,,,,,,,,,,,,
deplorable,,,,,,,,,,,,,,,,,,,,,,,,,
lamentable,,,,,,,,,,,,,,,,,,,,,,,,,
abysmal,,,,,,,,,,,,,,,,,,,,,,,,,
dire,,,,,,,,,,,,,,,,,,,,,,,,,
,,,,,,,,,,,,,,,,,,,,,,,,,
group 21,,,,,,,,,,,,,,,,,,,,,,,,,
abject,amicable,animosity,aver,barrage,cathartic,decipher,,,,,,,,,,,,,,,,,,,
piteous(of a situation or condition),cordial,antipathy,profess,abundance,purgative,discern,,,,,,,,,,,,,,,,,,,
stark(of a situation or condition),fraternal,animus,protest,plethora,purging,fathom,,,,,,,,,,,,,,,,,,,
woeful(of a situation or condition),harmonious,aversion,avouch,profusion,purifying,penetrate,,,,,,,,,,,,,,,,,,,
lamentable(of a situation or condition),,acrimony,asseverate,torrent,exorcising,apprehend,,,,,,,,,,,,,,,,,,,
atrocious(of a situation or condition),,rancour,,spate,abreactive,untangle,,,,,,,,,,,,,,,,,,,
obsequious(of a person or their behaviour),,abhorrence,,,,,,,,,,,,,,,,,,,,,,,
servile(of a person or their behaviour),,malevolence,,,,,,,,,,,,,,,,,,,,,,,
sycophantic(of a person or their behaviour),,,,,,,,,,,,,,,,,,,,,,,,,
craven(of a person or their behaviour),,,,,,,,,,,,,,,,,,,,,,,,,
,,,,,,,,,,,,,,,,,,,,,,,,,
delusion,dispense,eloquent,enthral,eradicate,fledgling,fortitude,,,,,,,,,,,,,,,,,,,
deluding,provide,sensitive,enchant,suppress,burgeoning,intrepidity,,,,,,,,,,,,,,,,,,,
duping,relinquish,revealing,bewitch,extirpate,embryonic,stoicism,,,,,,,,,,,,,,,,,,,
fallacy,renounce,significant,beguile,obliterate,nascent,forbearance,,,,,,,,,,,,,,,,,,,
chimera,,indicative,entrance,abolish,incipient,tenacity,,,,,,,,,,,,,,,,,,,
,,,enrapture,expunge,,pertinacity,,,,,,,,,,,,,,,,,,,
,,,allure,,,resolution,,,,,,,,,,,,,,,,,,,
,,,ensnare,,,,,,,,,,,,,,,,,,,,,,
,,,dazzle,,,,,,,,,,,,,,,,,,,,,,
,,,absorb,,,,,,,,,,,,,,,,,,,,,,
,,,transfix,,,,,,,,,,,,,,,,,,,,,,
,,,,,,,,,,,,,,,,,,,,,,,,,
fortuitous,goad,imminent,incontrovertible,itinerant,magnanimous,meritorious,,,,,,,,,,,,,,,,,,,
haphazard,badger,impending,irrefutable,peripatetic,benevolent,praiseworthy,,,,,,,,,,,,,,,,,,,
providential,incite,forthcoming,unassailable,wayfaring,beneficent,laudable,,,,,,,,,,,,,,,,,,,
serendipitous,stimulate,menacing,unequivocal,vagrant,munificent,exemplary,,,,,,,,,,,,,,,,,,,
expedient,inflame,anticipated,manifest,vagabond,altruistic,,,,,,,,,,,,,,,,,,,,
felicitous,impel,,emphatic,restless,chivalrous,,,,,,,,,,,,,,,,,,,,
apt,induce,,apodictic,errant,,,,,,,,,,,,,,,,,,,,,
,,,,,,,,,,,,,,,,,,,,,,,,,
mutiny(Noun),paradoxical,perseverance,render,repertoire,resilient,resolute,,,,,,,,,,,,,,,,,,,
revolution,incongruous,tenacity,deliver,tender,buoyant,adamant,,,,,,,,,,,,,,,,,,,
insurgence,anomalous,resolution,distribute,repertory,irrepressible,stalwart,,,,,,,,,,,,,,,,,,,
subversion,baffling,doggedness,provide,stockpile,adaptable,pertinacious,,,,,,,,,,,,,,,,,,,
sedition,bewildering,pertinacity,restore,relinquish,flexible,tenacious,,,,,,,,,,,,,,,,,,,
anarchy,inexplicable,assiduity,,,,dogged,,,,,,,,,,,,,,,,,,,
,,intransigence,,,,obstinate,,,,,,,,,,,,,,,,,,,
,,,,,,obdurate,,,,,,,,,,,,,,,,,,,
,,,,,,intransigent,,,,,,,,,,,,,,,,,,,
,,,,,,mettlesome,,,,,,,,,,,,,,,,,,,
,,,,,,indurate,,,,,,,,,,,,,,,,,,,
,,,,,,,,,,,,,,,,,,,,,,,,,
supple,valour,,,,,,,,,,,,,,,,,,,,,,,,
limber,intrepidity,,,,,,,,,,,,,,,,,,,,,,,,
deft,pluck,,,,,,,,,,,,,,,,,,,,,,,,
pliant,audacity,,,,,,,,,,,,,,,,,,,,,,,,
malleable,gallantry,,,,,,,,,,,,,,,,,,,,,,,,
plastic,fortitude,,,,,,,,,,,,,,,,,,,,,,,,
exonerate,spunk,,,,,,,,,,,,,,,,,,,,,,,,
,moxie,,,,,,,,,,,,,,,,,,,,,,,,
,,,,,,,,,,,,,,,,,,,,,,,,,
group 22,,,,,,,,,,,,,,,,,,,,,,,,,
cumbersome,unprecedented,stint,extrapolate,liability,euphoric,elementary,,,,,,,,,,,,,,,,,,,
incommodious,unrivalled,limit,gauge,culpability,gleeful,rudimentary,,,,,,,,,,,,,,,,,,,
inefficient,prodigious,restrict,reckon,guilt,exhilarated,basal,,,,,,,,,,,,,,,,,,,
complex,anomalous,,predict,onus,animated,preparatory,,,,,,,,,,,,,,,,,,,
slow,revolutionary,,,encumbrance,jubilant,initiatory,,,,,,,,,,,,,,,,,,,
,,,,nuisance,exultant,radical,,,,,,,,,,,,,,,,,,,
,,,,impediment,intoxicated,underlying,,,,,,,,,,,,,,,,,,,
,,,,Achilles heel,,simplistic,,,,,,,,,,,,,,,,,,,
,,,,,,,,,,,,,,,,,,,,,,,,,
heterodox,fervent,gaffe,temper(verb),painstaking,economy,qualm,,,,,,,,,,,,,,,,,,,
heretical,vehement,blunder,mitigate,meticulous,thrift,demur,,,,,,,,,,,,,,,,,,,
dissident,ardent,indiscretion,palliate,assiduous,prudence,apprehension,,,,,,,,,,,,,,,,,,,
blasphemous,fervid,impropriety,alleviate,sedulous,canniness,trepidation,,,,,,,,,,,,,,,,,,,
apostate,profound,,assuage,industrious,frugality,disquiet,,,,,,,,,,,,,,,,,,,
iconoclastic,zealous,,,laborious,abstemiousness,scruple,,,,,,,,,,,,,,,,,,,
sceptical,fanatical,,,punctilious,miserliness,remorse,,,,,,,,,,,,,,,,,,,
agnostic,avid,,,scrupulous,,,,,,,,,,,,,,,,,,,,,
idolatrous,,,,pedantic,,,,,,,,,,,,,,,,,,,,,
pagan,,,,,,,,,,,,,,,,,,,,,,,,,
heathen,,,,,,,,,,,,,,,,,,,,,,,,,
,,,,,,,,,,,,,,,,,,,,,,,,,
exonerate,implicit,phlegmatic,propensity,foment,embellish,inviolate,,,,,,,,,,,,,,,,,,,
absolve,inherent,serene,predisposition,instigate,adorn,untouched,,,,,,,,,,,,,,,,,,,
vindicate,latent,tranquil,proneness,incite,exaggerate,unscathed,,,,,,,,,,,,,,,,,,,
exculpate,underlying,placid,proclivity,agitate,catastrophize,unsullied,,,,,,,,,,,,,,,,,,,
liberate(a duty or obligation).,perfect,stolid,aptness,enkindle,,pristine,,,,,,,,,,,,,,,,,,,
exempt(a duty or obligation).,absolute,imperturbable,penchant,,,virgin,,,,,,,,,,,,,,,,,,,
,,poised,predilection,,,,,,,,,,,,,,,,,,,,,,
,,,,,,,,,,,,,,,,,,,,,,,,,
renege,arresting,obstinate,vivacious,histrionic(noun),prodigious,tentative,,,,,,,,,,,,,,,,,,,
repudiate,conspicuous,obdurate,animated,theatrics,colossal,conjectural,,,,,,,,,,,,,,,,,,,
retract,dazzling,refractory,effervescent,tantrums,mammoth,exploratory,,,,,,,,,,,,,,,,,,,
break,astonishing,rigid,ebullient,affectation,inordinate,pilot,,,,,,,,,,,,,,,,,,,
,staggering,inexorable,buoyant,artificiality,gargantuan,wavering,,,,,,,,,,,,,,,,,,,
,phenomenal,tenacious,scintillating,,miraculous,diffident,,,,,,,,,,,,,,,,,,,
,,pertinacious,jaunty,,grotesque(ARCHAIC),iffy,,,,,,,,,,,,,,,,,,,
,,dogged,zestful,,,,,,,,,,,,,,,,,,,,,,
,,adamant,,,,,,,,,,,,,,,,,,,,,,,
,,steadfast,,,,,,,,,,,,,,,,,,,,,,,
,,,,,,,,,,,,,,,,,,,,,,,,,
falter,chastise,,,,,,,,,,,,,,,,,,,,,,,,
halt,admonish,,,,,,,,,,,,,,,,,,,,,,,,
splutter,chide,,,,,,,,,,,,,,,,,,,,,,,,
flounder,censure,,,,,,,,,,,,,,,,,,,,,,,,
fluctuate,castigate,,,,,,,,,,,,,,,,,,,,,,,,
vacillate,lambaste,,,,,,,,,,,,,,,,,,,,,,,,
waver,scourge,,,,,,,,,,,,,,,,,,,,,,,,
oscillate,wallop,,,,,,,,,,,,,,,,,,,,,,,,
,discipline,,,,,,,,,,,,,,,,,,,,,,,,
,,,,,,,,,,,,,,,,,,,,,,,,,
group 23,,,,,,,,,,,,,,,,,,,,,,,,,
intermittent,profound,propagate,allusive,glib,curb(Noun),lull,,,,,,,,,,,,,,,,,,,
sporadic,+ACI-earnest(of a state, quality, or emotion)+ACI-,promulgate,figurative,plausible,rein,assuage,,,,,,,,,,,,,,,,,,,
fitful,+ACI-acute(of a state, quality, or emotion)+ACI-,broadcast,emblematic,urbane,deterrent,alleviate,,,,,,,,,,,,,,,,,,,
spasmodic,+ACI-fervent(of a state, quality, or emotion)+ACI-,proclaim,allegorical,voluble,suppressant,pacify,,,,,,,,,,,,,,,,,,,
fragmentary,+ACI-ardent(of a state, quality, or emotion)+ACI-,preach,parabolic,loquacious,retardant,mitigate,,,,,,,,,,,,,,,,,,,
random,+ACI-radical(of a state, quality, or emotion)+ACI-,propagandize,connotative,facile,trammel,placate,,,,,,,,,,,,,,,,,,,
,+ACI-exhaustive(of a state, quality, or emotion)+ACI-,,mnemonic,superficial,,mollify,,,,,,,,,,,,,,,,,,,
,scholarly(of a person or statement),,,simplistic,,diminish,,,,,,,,,,,,,,,,,,,
,sagacious(of a person or statement),,,,,,,,,,,,,,,,,,,,,,,,
,erudite(of a person or statement),,,,,,,,,,,,,,,,,,,,,,,,
,penetrating(of a person or statement),,,,,,,,,,,,,,,,,,,,,,,,
,astute(of a person or statement),,,,,,,,,,,,,,,,,,,,,,,,
,sapient(of a person or statement),,,,,,,,,,,,,,,,,,,,,,,,
,,,,,,,,,,,,,,,,,,,,,,,,,
mettlesome,astute,fawn(Verb),precipitous,repercussion,regress,refute,,,,,,,,,,,,,,,,,,,
gritty,shrewd,obsequious,perpendicular,reverberation,retrogress,debunk,,,,,,,,,,,,,,,,,,,
intrepid,ingenious,servile,abrupt,backlash,subside,discredit,,,,,,,,,,,,,,,,,,,
gallant,canny,sycophantic,impetuous,ripple,ebb,controvert,,,,,,,,,,,,,,,,,,,
valiant,sagacious,unctuous,precipitate,aftermath,wane,repudiate(a statement or accusation).,,,,,,,,,,,,,,,,,,,
audacious,artful,abject,imprudent,fallout,retrograde,gainsay(a statement or accusation).,,,,,,,,,,,,,,,,,,,
tenacious,savvy,,heedless,,,,,,,,,,,,,,,,,,,,,,
steadfast,argute,,foolhardy,,,,,,,,,,,,,,,,,,,,,,
,sapient,,temerarious,,,,,,,,,,,,,,,,,,,,,,
,,,,,,,,,,,,,,,,,,,,,,,,,
replenish,evoke,ire,languid,mollify,pretentious,duress,,,,,,,,,,,,,,,,,,,
restock,invoke,exasperation,+ACI-languorous(of a person, manner, or gesture)+ACI-,appease(someone).,ostentatious,coercion,,,,,,,,,,,,,,,,,,,
restore,elicit,vexation,+ACI-lethargic(of a person, manner, or gesture)+ACI-,placate(someone).,fustian,compulsion,,,,,,,,,,,,,,,,,,,
refill,kindle,chagrin,+ACI-phlegmatic(of a person, manner, or gesture)+ACI-,pacify(someone).,extravagant,intimidation,,,,,,,,,,,,,,,,,,,
,stimulate,choler,+ACI-torpid(of a person, manner, or gesture)+ACI-,assuage(something),flamboyant,enforcement,,,,,,,,,,,,,,,,,,,
,arouse,,+ACI-sluggish(of a person, manner, or gesture)+ACI-,alleviate(something),grandiloquent,exaction,,,,,,,,,,,,,,,,,,,
,,,+ACI-slothful(of a person, manner, or gesture)+ACI-,mitigate(something),magniloquent,,,,,,,,,,,,,,,,,,,,
,,,+ACI-indolent(of a person, manner, or gesture)+ACI-,lull(something),bombastic,,,,,,,,,,,,,,,,,,,,
,,,+ACI-apathetic(of a person, manner, or gesture)+ACI-,quell(something),turgid,,,,,,,,,,,,,,,,,,,,
,,,,,rhetorical,,,,,,,,,,,,,,,,,,,,
,,,,,,,,,,,,,,,,,,,,,,,,,
,,,,,,,,,,,,,,,,,,,,,,,,,
vigilant,headstrong,convalescent,nonplussed,fret,decry,recourse,,,,,,,,,,,,,,,,,,,
wary,wayward,recuperating,bewildered,agonize,censure,remedy,,,,,,,,,,,,,,,,,,,
circumspect,refractory,recovering,bemused,anguish,lambaste,expedient,,,,,,,,,,,,,,,,,,,
prudent,obstinate,improving,perplexed,grumble,deplore,refuge,,,,,,,,,,,,,,,,,,,
heedful,obdurate,,baffled,perturb,vilify,utilize(someone or something),,,,,,,,,,,,,,,,,,,
,capricious,,stupefied,,execrate,employ(someone or something),,,,,,,,,,,,,,,,,,,
,,,befuddled,,disparage,,,,,,,,,,,,,,,,,,,,
,,,unnerved,,deprecate,,,,,,,,,,,,,,,,,,,,
,,,astounded,,excoriate,,,,,,,,,,,,,,,,,,,,
,,,flummoxed,,asperse,,,,,,,,,,,,,,,,,,,,
,,,bamboozled,,,,,,,,,,,,,,,,,,,,,,
,,,,,,,,,,,,,,,,,,,,,,,,,
commence,neutralize,,,,,,,,,,,,,,,,,,,,,,,,
initiate,offset,,,,,,,,,,,,,,,,,,,,,,,,
institute,nullify,,,,,,,,,,,,,,,,,,,,,,,,
inaugurate,negate,,,,,,,,,,,,,,,,,,,,,,,,
,annul,,,,,,,,,,,,,,,,,,,,,,,,
,equalize,,,,,,,,,,,,,,,,,,,,,,,,
,counterweigh,,,,,,,,,,,,,,,,,,,,,,,,
,,,,,,,,,,,,,,,,,,,,,,,,,
group 24,,,,,,,,,,,,,,,,,,,,,,,,,
exorcise,finicky,assail,contravene,reiterate,poignant,inundate,,,,,,,,,,,,,,,,,,,
purify,fastidious,castigate,breach,recapitulate,piteous,overwhelm,,,,,,,,,,,,,,,,,,,
cleanse,punctilious,chastise,infringe,iterate,pitiable,bog down,,,,,,,,,,,,,,,,,,,
purge,awkward,berate,defy,rehearse,wretched,besiege,,,,,,,,,,,,,,,,,,,
lustrate,perfectionist,lambaste,flout,belabour,plaintive,bombard,,,,,,,,,,,,,,,,,,,
,,plague,,ingeminate,,,,,,,,,,,,,,,,,,,,,
,,beset,,,,,,,,,,,,,,,,,,,,,,,
,,besiege,,,,,,,,,,,,,,,,,,,,,,,
,,,,,,,,,,,,,,,,,,,,,,,,,
oblivion,plaintive,surmount,escalate,denounce,foil,deviate,,,,,,,,,,,,,,,,,,,
stupor,wistful,overcome,spiral,censure,thwart,diverge,,,,,,,,,,,,,,,,,,,
stupefaction,doleful,conquer,surge,castigate,frustrate,digress,,,,,,,,,,,,,,,,,,,
coma,piteous,endure,heighten,decry,balk,slew,,,,,,,,,,,,,,,,,,,
amnesia,melancholy,crown,strengthen,vilify,impede,contravene,,,,,,,,,,,,,,,,,,,
,melancholic,,,reprobate,snooker,,,,,,,,,,,,,,,,,,,,
,wretched,,,vituperate,derail,,,,,,,,,,,,,,,,,,,,
,woeful,,,expose,,,,,,,,,,,,,,,,,,,,,
,desolate,,,betray,,,,,,,,,,,,,,,,,,,,,
,forlorn,,,,,,,,,,,,,,,,,,,,,,,,
,,,,,,,,,,,,,,,,,,,,,,,,,
buoyant,benevolent,intertwine,berate,quiescent,mercurial,despotic,,,,,,,,,,,,,,,,,,,
blithe,benign,entwine,reprimand,inert,capricious,autocratic,,,,,,,,,,,,,,,,,,,
effervescent,altruistic,interweave,admonish,fallow,temperamental,arbitrary,,,,,,,,,,,,,,,,,,,
jaunty,magnanimous,interlace,chastise,stagnant,fickle,autarchic,,,,,,,,,,,,,,,,,,,
ebullient,lavish,convolute,chide,sluggish,protean,monocratic,,,,,,,,,,,,,,,,,,,
vivacious,bountiful,,upbraid,lethargic,mutable,imperious,,,,,,,,,,,,,,,,,,,
optimistic,beneficent,,castigate,torpid,erratic,,,,,,,,,,,,,,,,,,,,
sanguine,indulgent,,lambaste,,kaleidoscopic,,,,,,,,,,,,,,,,,,,,
burgeoning(Of economy),bounteous,,criticize,,wavering,,,,,,,,,,,,,,,,,,,,
mushrooming(Of economy),benignant,,censure,,wayward,,,,,,,,,,,,,,,,,,,,
,,,,,whimsical,,,,,,,,,,,,,,,,,,,,
,,,,,,,,,,,,,,,,,,,,,,,,,
,,,,,,,,,,,,,,,,,,,,,,,,,
perpetrate,subside,condone,jeopardize,disinterested,buttress,,,,,,,,,,,,,,,,,,,,
execute,abate,disregard,endanger,impartial,strengthen,,,,,,,,,,,,,,,,,,,,
accomplish,soften,connive at,imperil,neutral,reinforce,,,,,,,,,,,,,,,,,,,,
inflict,alleviate,pardon,menace,non+AC0-partisan,fortify,,,,,,,,,,,,,,,,,,,,
effectuate,attenuate,excuse,prejudice,clinical,underpin,,,,,,,,,,,,,,,,,,,,
,dwindle,,peril,equitable,cement,,,,,,,,,,,,,,,,,,,,
,wane,,,,,,,,,,,,,,,,,,,,,,,,
,ebb,,,,,,,,,,,,,,,,,,,,,,,,
,,,,,,,,,,,,,,,,,,,,,,,,,
group 25,,,,,,,,,,,,,,,,,,,,,,,,,
bereft,frailty,disentangle,pomposity,delineate,conclusive,vitality,,,,,,,,,,,,,,,,,,,
in need of,debility,extricate,grandiosity,outline,irrefutable,animation,,,,,,,,,,,,,,,,,,,
lacking,indisposition,extract,pretension,depict,clinching,vivacity,,,,,,,,,,,,,,,,,,,
without,susceptibility,disengage,vanity,portray,unequivocal,exuberance,,,,,,,,,,,,,,,,,,,
free from,impressionability,untwine,haughtiness,chart,,zest,,,,,,,,,,,,,,,,,,,
,fallibility,,conceit,delimit,,ardour,,,,,,,,,,,,,,,,,,,
,blemish,,egotism,,,zeal,,,,,,,,,,,,,,,,,,,
,,,superciliousness,,,,,,,,,,,,,,,,,,,,,,
,,,bombast,,,,,,,,,,,,,,,,,,,,,,
,,,pedantry,,,,,,,,,,,,,,,,,,,,,,
,,,fustian,,,,,,,,,,,,,,,,,,,,,,
,,,euphuism,,,,,,,,,,,,,,,,,,,,,,
,,,,,,,,,,,,,,,,,,,,,,,,,
steadfast,archetype,relent,grievance,harangue,auspicious,yield,,,,,,,,,,,,,,,,,,,
staunch,stereotype,slacken,atrocity,tirade,propitious,capitulate,,,,,,,,,,,,,,,,,,,
resolute,original,abate,affront,diatribe,rosy,relent,,,,,,,,,,,,,,,,,,,
stalwart,embodiment,diminish,rancour,polemic,optimistic,sanction,,,,,,,,,,,,,,,,,,,
stout,exemplar,moderate,pique,berating,providential,warrant,,,,,,,,,,,,,,,,,,,
implacable,quintessence,subside,umbrage,censure,felicitous,relinquish,,,,,,,,,,,,,,,,,,,
inflexible,paradigm,,plaint,admonition,,bequeath,,,,,,,,,,,,,,,,,,,
,,,,exhortation,,remit,,,,,,,,,,,,,,,,,,,
,,,,,,cede,,,,,,,,,,,,,,,,,,,
,,,,,,,,,,,,,,,,,,,,,,,,,
appropriate,rhetoric,conspire,whimsical,proxy,sparse,adverse,,,,,,,,,,,,,,,,,,,
pertinent,oratory,intrigue,waggish,substitute,scanty,unfavourable,,,,,,,,,,,,,,,,,,,
apposite,eloquence,collude,quaint,surrogate,scant,inauspicious,,,,,,,,,,,,,,,,,,,
germane,bombast,consort,eccentric,attorney,scarce,pernicious,,,,,,,,,,,,,,,,,,,
congruous,turgidity,manoeuvre,quirky,ambassador,sporadic,antagonistic,,,,,,,,,,,,,,,,,,,
expedient,grandiloquence,abet,idiosyncratic,emissary,meagre,inimical,,,,,,,,,,,,,,,,,,,
felicitous,pomposity,cabal,peculiar,procurator,limited,,,,,,,,,,,,,,,,,,,,
befitting,hyperbole,,capricious,,,,,,,,,,,,,,,,,,,,,,
appurtenant,verbosity,,fickle,,,,,,,,,,,,,,,,,,,,,,
,prolixity,,erratic,,,,,,,,,,,,,,,,,,,,,,
,fustian,,mercurial,,,,,,,,,,,,,,,,,,,,,,
,euphuism,,mutable,,,,,,,,,,,,,,,,,,,,,,
,,,protean,,,,,,,,,,,,,,,,,,,,,,
,,,vacillating,,,,,,,,,,,,,,,,,,,,,,
,,,wayward,,,,,,,,,,,,,,,,,,,,,,
,,,,,,,,,,,,,,,,,,,,,,,,,
exhort,poise,adept,tedious,articulate,suspect,play,,,,,,,,,,,,,,,,,,,
adjure,equilibrium,proficient,monotonous,loquent,doubt,relax,,,,,,,,,,,,,,,,,,,
entreat,grace,virtuoso,humdrum,coherent,distrust,rest,,,,,,,,,,,,,,,,,,,
implore,equanimity,adroit,mundane,lucid,mistrust,amusement,,,,,,,,,,,,,,,,,,,
beseech,aplomb,dexterous,soporific,vivid,,pleasure,,,,,,,,,,,,,,,,,,,
admonish,sangfroid,deft,monochrome,cogent,,diversion,,,,,,,,,,,,,,,,,,,
,serenity,artful,banal,,,distraction,,,,,,,,,,,,,,,,,,,
,suaveness,,vapid,,,drama,,,,,,,,,,,,,,,,,,,
,urbanity,,insipid,,,scope,,,,,,,,,,,,,,,,,,,
,,,pedestrian,,,latitude,,,,,,,,,,,,,,,,,,,
,,,prolix,,,liberty,,,,,,,,,,,,,,,,,,,
,,,laborious,,,,,,,,,,,,,,,,,,,,,,
,,,ponderous,,,,,,,,,,,,,,,,,,,,,,
,,,mechanical,,,,,,,,,,,,,,,,,,,,,,
,,,dreich,,,,,,,,,,,,,,,,,,,,,,
,,,,,,,,,,,,,,,,,,,,,,,,,
captious,,,,,,,,,,,,,,,,,,,,,,,,,
quibbling,,,,,,,,,,,,,,,,,,,,,,,,,
cavilling,,,,,,,,,,,,,,,,,,,,,,,,,
carping,,,,,,,,,,,,,,,,,,,,,,,,,
censorious,,,,,,,,,,,,,,,,,,,,,,,,,
pedantic,,,,,,,,,,,,,,,,,,,,,,,,,
pettifogging,,,,,,,,,,,,,,,,,,,,,,,,,
,,,,,,,,,,,,,,,,,,,,,,,,,
group 26,,,,,,,,,,,,,,,,,,,,,,,,,
lugubrious,transcend,fluster,incidental,axiomatic,macabre,gullible,,,,,,,,,,,,,,,,,,,
doleful,excel,unnerve,random,unquestionable,morbid,credulous,,,,,,,,,,,,,,,,,,,
Eeyorish,trump,agitate,fortuitous,undeniable,ghastly,exploitable,,,,,,,,,,,,,,,,,,,
melancholy,eclipse,disquiet,serendipitous,granted,horrendous,ingenuous,,,,,,,,,,,,,,,,,,,
woeful,overshadow,perturb,adventitious,apodictic,dreadful,naive,,,,,,,,,,,,,,,,,,,
forlorn,upstage,disconcert,coincidental,,appalling,,,,,,,,,,,,,,,,,,,,
despondent,,faze,aleatory,,loathsome,,,,,,,,,,,,,,,,,,,,
sombre,,,,,repugnant,,,,,,,,,,,,,,,,,,,,
solemn,,,,,,,,,,,,,,,,,,,,,,,,,
saturnine,,,,,,,,,,,,,,,,,,,,,,,,,
pessimistic,,,,,,,,,,,,,,,,,,,,,,,,,
,,,,,,,,,,,,,,,,,,,,,,,,,
ingrained,tacit,exorbitant,serene,treatise,corporeal,figurative,,,,,,,,,,,,,,,,,,,
entrenched,implicit,extortionate,tranquil,disquisition,carnal,metaphorical,,,,,,,,,,,,,,,,,,,
implanted,implied,preposterous,pacific,exposition,corporal,non+AC0-literal,,,,,,,,,,,,,,,,,,,
abiding,inferred,inordinate,poised,dissertation,mortal,allegorical,,,,,,,,,,,,,,,,,,,
inbred,insinuated,punitive,imperturbable,thesis,substantial,emblematic,,,,,,,,,,,,,,,,,,,
intrinsic,unstated,ruinous,placid,critique,tangible,poetic,,,,,,,,,,,,,,,,,,,
,,extravagant,soothing,tractate,concrete,ornate,,,,,,,,,,,,,,,,,,,
,,,,institutes,,florid,,,,,,,,,,,,,,,,,,,
,,,,,,tropical,,,,,,,,,,,,,,,,,,,
,,,,,,parabolic,,,,,,,,,,,,,,,,,,,
,,,,,,,,,,,,,,,,,,,,,,,,,
morose,fickle,ramification,eclectic,apprehensive,idiosyncratic,insolent,,,,,,,,,,,,,,,,,,,
sullen,capricious,consequence,encyclopedic,anxious,peculiar,impertinent,,,,,,,,,,,,,,,,,,,
taciturn,mercurial,aftermath,liberal,agitated,eccentric,impudent,,,,,,,,,,,,,,,,,,,
saturnine,vacillating,sequel,multifaceted,restless,aberrant,contemptuous,,,,,,,,,,,,,,,,,,,
pessimistic,giddy,implication,heterogeneou,fidgety,anomalous,presumptuous,,,,,,,,,,,,,,,,,,,
lugubrious,skittish,outgrowth,discerning,neurotic,quirky,audacious,,,,,,,,,,,,,,,,,,,
Eeyorish,erratic,spin+AC0-off,critical,trepidatious,freakish,brazen,,,,,,,,,,,,,,,,,,,
melancholy,random,,,,singular,pert,,,,,,,,,,,,,,,,,,,
melancholic,mutable,,,,,,,,,,,,,,,,,,,,,,,,
doleful,,,,,,,,,,,,,,,,,,,,,,,,,
despondent,,,,,,,,,,,,,,,,,,,,,,,,,
churlish,,,,,,,,,,,,,,,,,,,,,,,,,
waspish,,,,,,,,,,,,,,,,,,,,,,,,,
,,,,,,,,,,,,,,,,,,,,,,,,,
ardent,doctrinaire,officious,cease,lavish,equanimity,supplant,,,,,,,,,,,,,,,,,,,
avid,dogmatic,bumptious,halt,sumptuous,serenity,supersede,,,,,,,,,,,,,,,,,,,
fervent,rigid,self+AC0-assertive,conclude,luxuriant,placidity,undermine,,,,,,,,,,,,,,,,,,,
fervid,adamant,overzealous,terminate,opulent,tranquillity,override,,,,,,,,,,,,,,,,,,,
zealous,pontifical,dictatorial,abate,ornate,impassivity,oust,,,,,,,,,,,,,,,,,,,
vehement,authoritarian,intrusive,,pretentious,equilibrium,usurp,,,,,,,,,,,,,,,,,,,
assiduous,prejudiced,meddlesome,,,poise,topple,,,,,,,,,,,,,,,,,,,
,fanatical,pragmatic,,,aplomb,dethrone,,,,,,,,,,,,,,,,,,,
,zealous,,,,sangfroid,,,,,,,,,,,,,,,,,,,,
,,,,,,,,,,,,,,,,,,,,,,,,,
,,,,,,,,,,,,,,,,,,,,,,,,,
lampoon,,,,,,,,,,,,,,,,,,,,,,,,,
satirize,,,,,,,,,,,,,,,,,,,,,,,,,
ridicule,,,,,,,,,,,,,,,,,,,,,,,,,
caricature,,,,,,,,,,,,,,,,,,,,,,,,,
burlesque,,,,,,,,,,,,,,,,,,,,,,,,,
parody,,,,,,,,,,,,,,,,,,,,,,,,,
pasquinade,,,,,,,,,,,,,,,,,,,,,,,,,
,,,,,,,,,,,,,,,,,,,,,,,,,
bombastic,lambaste,undercut,euphemism,turpitude,peccadillo,antagonistic,,,,,,,,,,,,,,,,,,,
pompous,criticize,undermine,substitute,wickedness,misdemeanour,inimical,,,,,,,,,,,,,,,,,,,
blustering,castigate,sap,underplaying,depravity,delinquency,averse,,,,,,,,,,,,,,,,,,,
verbose,chastise,subvert,softening,vice,indiscretion,belligerent,,,,,,,,,,,,,,,,,,,
turgid,censure,sabotage,politeness,degeneracy,lapse,bellicose,,,,,,,,,,,,,,,,,,,
lofty,harangue,destabilize,,baseness,infraction,pugnacious,,,,,,,,,,,,,,,,,,,
ostentatious,upbraid,demolish,,iniquity,error,truculent,,,,,,,,,,,,,,,,,,,
grandiloquent,admonish,,,,,,,,,,,,,,,,,,,,,,,,
magniloquent,berate,,,,,,,,,,,,,,,,,,,,,,,,
fustian,reprehend,,,,,,,,,,,,,,,,,,,,,,,,
,excoriate,,,,,,,,,,,,,,,,,,,,,,,,
,objurgate,,,,,,,,,,,,,,,,,,,,,,,,
,,,,,,,,,,,,,,,,,,,,,,,,,
barren,philistine(adj.),relegate,dirge,imperturbable,excoriate,crank,,,,,,,,,,,,,,,,,,,
infertile,crass,consign,elegy,poised,censure,crosspatch,,,,,,,,,,,,,,,,,,,
unfruitful,tasteless,banish,lament,tranquil,denounce,sourpuss,,,,,,,,,,,,,,,,,,,
sterile,boorish,exile,requiem,serene,lambaste,,,,,,,,,,,,,,,,,,,,
arid,barbaric,demote,keen,placid,cavil at,,,,,,,,,,,,,,,,,,,,
desert,primitive,degrade,,nonchalant,disparage,,,,,,,,,,,,,,,,,,,,
desolate,savage,disrate,,,malign,,,,,,,,,,,,,,,,,,,,
,brutish,,,,vilify,,,,,,,,,,,,,,,,,,,,
,coarse,,,,pummel,,,,,,,,,,,,,,,,,,,,
,,,,,derogate,,,,,,,,,,,,,,,,,,,,
,,,,,reprehend,,,,,,,,,,,,,,,,,,,,
,,,,,,,,,,,,,,,,,,,,,,,,,
swindle,wheedle,sentimental,miscreant,implacable,haughty,tangible,,,,,,,,,,,,,,,,,,,
exploit,cajole,nostalgic,malefactor,inexorable,vain,palpable,,,,,,,,,,,,,,,,,,,
delude,inveigle,tender,sinner,intransigent,snobbish,tactile,,,,,,,,,,,,,,,,,,,
hoax,lure,mawkish,transgressor,adamant,pompous,corporeal,,,,,,,,,,,,,,,,,,,
hoodwink,induce,,outlaw,ruthless,egotistical,solid,,,,,,,,,,,,,,,,,,,
bamboozle,blarney,,trespasser,remorseless,supercilious,concrete,,,,,,,,,,,,,,,,,,,
embezzle,entice,,scoundrel,merciless,condescending,,,,,,,,,,,,,,,,,,,,
,beguile,,reprobate,pitiless,lofty,,,,,,,,,,,,,,,,,,,,
,,,,,scornful,,,,,,,,,,,,,,,,,,,,
,,,,,contemptuous,,,,,,,,,,,,,,,,,,,,
,,,,,disdainful,,,,,,,,,,,,,,,,,,,,
,,,,,imperious,,,,,,,,,,,,,,,,,,,,
,,,,,cavalier,,,,,,,,,,,,,,,,,,,,
,,,,,,,,,,,,,,,,,,,,,,,,,
chary,repugnant,xenophobic,squander,cajole,heady,exigent,,,,,,,,,,,,,,,,,,,
wary,abhorrent,racist,misuse,wheedle,exhilarating,acute,,,,,,,,,,,,,,,,,,,
circumspect,loathsome,ethnocentric,dissipate,coax,stimulating,clamant,,,,,,,,,,,,,,,,,,,
heedful,execrable,prejudiced,lavish,manoeuvre,invigorating,clamorous,,,,,,,,,,,,,,,,,,,
guarded,abominable,intolerant,splurge,beguile,galvanizing,arduous,,,,,,,,,,,,,,,,,,,
sceptical,deplorable,bigoted,,entice,arousing,burdensome,,,,,,,,,,,,,,,,,,,
dubious,noxious,parochial,,inveigle,,,,,,,,,,,,,,,,,,,,,
loath,obscene,insular,,blandish,,,,,,,,,,,,,,,,,,,,,
averse,base,,,,,,,,,,,,,,,,,,,,,,,,
,hideous,,,,,,,,,,,,,,,,,,,,,,,,
,obnoxious,,,,,,,,,,,,,,,,,,,,,,,,
,ghastly,,,,,,,,,,,,,,,,,,,,,,,,
,putrid,,,,,,,,,,,,,,,,,,,,,,,,
,skanky,,,,,,,,,,,,,,,,,,,,,,,,
,scurvy,,,,,,,,,,,,,,,,,,,,,,,,
,,,,,,,,,,,,,,,,,,,,,,,,,
GROUP 28,,,,,,,,,,,,,,,,,,,,,,,,,
hysterical,endemic,disdain,quash,august,quibble,recant,inchoate,,,,,,,,,,,,,,,,,,
delirious,+ACI-pervasive,+ACI-,contempt,reverse,distinguished,query,relinquish,rudimentary,,,,,,,,,,,,,,,,,,
uncontrollable,+ACI-extensive,+ACI-,derision,veto,exalted,cavil,forswear,incipient,,,,,,,,,,,,,,,,,,
frenzied,ubiquitous,disrespect,override,illustrious,nitpicking,repudiate,scrambled,,,,,,,,,,,,,,,,,,
frantic,ordinary,haughtiness,nullify,important,evasion,abjure,unintelligible,,,,,,,,,,,,,,,,,,
wild,,arrogance,void,lofty,equivocation,,disconnected,,,,,,,,,,,,,,,,,,
feverish,,condescension,repudiate,imperial,hedging,,confused,,,,,,,,,,,,,,,,,,
,,,,,,,,,,,,,,,,,,,,,,,,,
abeyance,redoubtable,coy,disperse,shrill,impudent,burnish,wily,,,,,,,,,,,,,,,,,,
deferred +AC0-like your school acceptance during the pandemic,awe+AC0-inspiring,arch,scatter,penetrating,impertinent,smooth,shrewd,,,,,,,,,,,,,,,,,,
suspense,fearsome,coquettish,disseminate,shattering,insolent,glaze,guileful,,,,,,,,,,,,,,,,,,
remission,daunting,modest,distribute,strident,audacious,furbish,disingenuous,,,,,,,,,,,,,,,,,,
reserve,alarming,bashful,broadcast,squawky,brazen,enhance or perfect something,devious,,,,,,,,,,,,,,,,,,
pending,resolute,reticent,,,pert,,Machiavellian,,,,,,,,,,,,,,,,,,
,doughty,diffident,,,,,astute,,,,,,,,,,,,,,,,,,
,,timid,,,,,canny,,,,,,,,,,,,,,,,,,
,,,,,,,,,,,,,,,,,,,,,,,,,
quandary,enmity,substantiate,agitate,abstract,retiring,quarantine,distend,,,,,,,,,,,,,,,,,,
dilemma,animosity,authenticate,perturb,philosophical,reticent,segregate,prominent,,,,,,,,,,,,,,,,,,
plight,rancour,corroborate,unnerve,academic,shrinking,insulate,tumefy,,,,,,,,,,,,,,,,,,
predicament,antipathy,vindicate,disquiet,hypothetical,timid,alienate,intumesce,,,,,,,,,,,,,,,,,,
,animus,validate,crusade,speculative,timorous,divorce,,,,,,,,,,,,,,,,,,,
,,,,conjectural,,,,,,,,,,,,,,,,,,,,,
,,,,,,,,,,,,,,,,,,,,,,,,,
ravage,sophistry,penchant,gauche,deprecate ,affront,,,,,,,,,,,,,,,,,,,,
ruined,equivocation,bias,ungainly,deplore,desecration,,,,,,,,,,,,,,,,,,,,
wrecked,fallacy,proclivity,gawky,abhor,aspersion,,,,,,,,,,,,,,,,,,,,
desolate,quibble,predilection,maladroit,execrate,provocation,,,,,,,,,,,,,,,,,,,,
pillage,paralogism,predisposition,inept,censure,injury,,,,,,,,,,,,,,,,,,,,
,,,,,,,,,,,,,,,,,,,,,,,,,
GROUP 29,,,,,,,,,,,,,,,,,,,,,,,,,
,,,,,,,,,,,,,,,,,,,,,,,,,
propitious,ominous,detente,outlandish,abscond,imbroglio,languish,nimble,,,,,,,,,,,,,,,,,,
auspicious,dire,amity,idiosyncratic,vanish,predicament,wilt,deft,,,,,,,,,,,,,,,,,,
apt,menacing,concord,zany,escape,plight,desire,dexterous,,,,,,,,,,,,,,,,,,
providential,baleful,compromise,quirky ,skip,quandary,decay,adroit,,,,,,,,,,,,,,,,,,
optimistic,forbidding,,unorthodox ,,complex,,agile,,,,,,,,,,,,,,,,,,
,,,alien,,,,,,,,,,,,,,,,,,,,,,
,,,,,,,,,,,,,,,,,,,,,,,,,
prurient,bawdy,croon,aspersion,nadir,dowdy,sadistic,echelon,,,,,,,,,,,,,,,,,,
salacious,ribald,carol,vilification,rock+AC0-bottom,frumpish,fiendish,level,,,,,,,,,,,,,,,,,,
licentious,unseemly,trill,decry,the depths,frumpy,callous,rank,,,,,,,,,,,,,,,,,,
voyeuristic,salacious,quaver,denigration,zero,drab,barbarous,grade,,,,,,,,,,,,,,,,,,
,prurient,troll,slander,the pits,sad,bestial,step,,,,,,,,,,,,,,,,,,
,,,,,,,,,,,,,,,,,,,,,,,,,
depose,apogee,ennui,collude,conviction,conflagration,chagrin,contretemps,,,,,,,,,,,,,,,,,,
dethrone,climax,tedium,plot,tenet,inferno,pique,squabble,,,,,,,,,,,,,,,,,,
oust,zenith,lethargy,cabal,dogma,firestorm,vexation,barney,,,,,,,,,,,,,,,,,,
testify,apotheosis,lassitude,connive,credo,holocaust,exasperation,accident,,,,,,,,,,,,,,,,,,
aver,crest,languor,intrigue,judgement,,ire,tiff,,,,,,,,,,,,,,,,,,
,,,,,,,,,,,,,,,,,,,,,,,,,
commiserate,zenith,fulcrum,expatiate,jocund,fraught,,,,,,,,,,,,,,,,,,,,
compassion,acme,pivot,expound,exuberant,distraught,,,,,,,,,,,,,,,,,,,,
comfort,optimum,kingpin,embellish,ebullient,agitated,,,,,,,,,,,,,,,,,,,,
console,meridian,centre,dilate on,blithe,frantic,,,,,,,,,,,,,,,,,,,,
solace,culmination,,,buoyant,,,,,,,,,,,,,,,,,,,,,
,,,,,,,,,,,,,,,,,,,,,,,,,
GROUP 30,,,,,,,,,,,,,,,,,,,,,,,,,
,,,,,,,,,,,,,,,,,,,,,,,,,
slovenly,factious,spurn,callow,flagrant,remuneration,bravado,obstreperous,,,,,,,,,,,,,,,,,,
scruffy,seditious,repudiate,artless,complete,salary,machismo,unruly,,,,,,,,,,,,,,,,,,
raunchy,discordant,disdain,green,conspicuous,stipend,bombast,clamorous,,,,,,,,,,,,,,,,,,
rumpled,tumultuous,scorn,jejune,naked,honorarium,rodomontade,raucous,,,,,,,,,,,,,,,,,,
,turbulent,repulse,raw,patent,remittance,swagger,unbridled,,,,,,,,,,,,,,,,,,
,dissident,,,brazen,,,,,,,,,,,,,,,,,,,,,
,,,,audacious,,,,,,,,,,,,,,,,,,,,,
,,,,,,,,,,,,,,,,,,,,,,,,,
temerity,odious,deportment,precocious,abide,verve,intrigue,aberrant,,,,,,,,,,,,,,,,,,
impudence,repugnant,posture,mature,heed,elan,conniving,divergent,,,,,,,,,,,,,,,,,,
impertinence,abhorrent,eqtiquette,gifted,endure,vivacity,tantalize,quirky,,,,,,,,,,,,,,,,,,
audacity ,putrid,gait,advance,continue,buoyancy,rivet,singular,,,,,,,,,,,,,,,,,,
,scurvy,capers,quick,respect,animation,lure,anonmalous,,,,,,,,,,,,,,,,,,
,,,,,,,,,,,,,,,,,,,,,,,,,
fallow,tenuous,obdurate,gratuitous,indecorous,soliloquy,stolid,capitulate,,,,,,,,,,,,,,,,,,
dormant,insubstantial,obstinate,wanton,inapt,spiel,lethargic,accede,,,,,,,,,,,,,,,,,,
virgin,gossamer,inexorable,indiscriminate,unseemly,monologue,torpid,crumbke,,,,,,,,,,,,,,,,,,
inert,fragile,wilful,unreasoning,unbecoming,oration,placid,acquiesce,,,,,,,,,,,,,,,,,,
stagnant,nebulous,intransigent,voluntary,undignified,sermon,phlegmatic,relent,,,,,,,,,,,,,,,,,,
,,,excessive,,,,,,,,,,,,,,,,,,,,,,
,,,,,,,,,,,,,,,,,,,,,,,,,
extemporize,cogitate,nominal,plucky,grovel,feint,,,,,,,,,,,,,,,,,,,,
improvise,contemplate,minuscule,intrepid,creep,hoax,,,,,,,,,,,,,,,,,,,,
ad lib,dwell,symbolic,stalwart,cringe,expedient,,,,,,,,,,,,,,,,,,,,
play it by ear,cerebrate,trifling,stout,flatter,contrivance,,,,,,,,,,,,,,,,,,,,
,,,valiant,blandish,machination,,,,,,,,,,,,,,,,,,,,
,,,,,,,,,,,,,,,,,,,,,,,,,
,,,+HJMQ0BDhENAQ4RDgEOMQ2hDY-,,,,,,,,,,,,,,,,,,,,,,
